UserScreenName,UserName,Timestamp,Text,Emojis,Comments,Likes,Retweets,Image link,Tweet URL
#CyberPunkRevolution,@razzendres,2020-02-01T22:10:51.000Z,"EMAILS HBGary - Fwd: Fwd: QNA times and dates | WikiLeaks, Bank of America & Anonymous  https://brazilopenermedia.blogspot.com/2018/07/emails-hbgary-fwd-fwd-qna-times-and.html‚Ä¶ hacker",,,,,[],https://twitter.com/razzendres/status/1223730457784782850
Christine Nava,@AngelicFusion,2020-02-01T20:06:26.000Z,"ÂõûÂ§ç 
@AnotherPaulRyanWhat?.. the fact ..that I have something that nobody else has on the planet? 

Oookay. 

I'm waiting for those #Anonymous hackers to put a million dollars into my account I want to see them do something!",,1,1,1,[],https://twitter.com/AngelicFusion/status/1223699145170374656
Heather,@realHeatherD,2020-02-01T19:04:05.000Z,"ÂõûÂ§ç 
@NBL2006
 @Forms_music
 Âíå Âè¶Â§ñ 3 ‰∏™‰∫∫I was saying all of this out loud to the hackers via my echo dot.  LOL. I wish anonymous would hack and publish it.",üêù,,,,[],https://twitter.com/realHeatherD/status/1223683458037358592
CyberWarrior,@CyberDomain,2020-02-01T18:00:34.000Z,"Tor Browser: Secrets of the Deep Web, How to Stay Anonymous Online, and Surf the Web Like a Hacker (Hacking, Cyber Security, Tor Browser, Anonymous, Deep Web, Dark Web) https://tobem.com/cyberwar/tor-browser-secrets-of-the-deep-web-how-to-stay-anonymous-online-and-surf-the-web-like-a-hacker-hacking-cyber-security-tor-browser-anonymous-deep-web-dark-web/‚Ä¶",,1,2,2,[],https://twitter.com/CyberDomain/status/1223667469921005571
ClassWarfare,@idrobinhood,2020-02-01T17:50:12.000Z,#Anonymous demands free access to data information. #Hackers,,,,1,[],https://twitter.com/idrobinhood/status/1223664861961277440
Anonymous Live,@AnonLive,2020-02-01T09:02:32.000Z,Anonymous Hackers Nabbed - Daily Beast http://dlvr.it/RP9SMN,,,,,['https://pbs.twimg.com/media/EPrb70qUEAIg67J?format=jpg&name=small'],https://twitter.com/AnonLive/status/1223532071160696834
Viyan de silva,@SilvqDe,2020-02-01T06:25:30.000Z,"ÂõûÂ§ç 
@kacrary2Not arrested the doctors in Wuhan. But anonymous hackers release the message.",,,1,,['https://pbs.twimg.com/card_img/1358604865312673792/tEOLQ4mG?format=jpg&name=small'],https://twitter.com/SilvqDe/status/1223492553695166466
Follow Me back,@mohit36847630,2020-02-01T03:59:29.000Z,"Instagram password leaked
http://bit.ly/37ONOd7#hacked #hacker #hacking #cybersecurity #hackers #hack #kalilinux #programming #security #python #ethicalhacking #coding #cyber #hacks #technology #linux #anonymous #tech #programmer #like #pentesting #AI #ResidentEvil3 #fraudInstagram password leaked, users at risk
instagram password leaker,instagram password leak list,instagram password finder,leaked password database download,instagram database leak download,instagram password cracker,instagram leak,instagram...
stepcoding.blogspot.com",,,22,5,[],https://twitter.com/mohit36847630/status/1223455804990181376
super col123,@Col123Super,2020-02-01T03:58:22.000Z,"Instagram password leaked
http://bit.ly/37ONOd7#hacked #hacker #hacking #cybersecurity #hackers #hack #kalilinux #programming #security #python #ethicalhacking #coding #cyber #hacks #technology #linux #anonymous #tech #programmer #like #pentesting #Hackers #hunting #horror #Leaked kedInstagram password leaked, users at risk
instagram password leaker,instagram password leak list,instagram password finder,leaked password database download,instagram database leak download,instagram password cracker,instagram leak,instagram...
stepcoding.blogspot.com",,,,,[],https://twitter.com/Col123Super/status/1223455526282874880
Gaming buddy,@stepcoding,2020-02-01T03:57:28.000Z,"Instagram password leaked
http://bit.ly/37ONOd7#hacked #hacker #hacking #cybersecurity #hackers #hack #kalilinux #programming #security #python #ethicalhacking #coding #cyber #hacks #technology #linux #anonymous #tech #programmer #see #pentesting #gamers #horror #Apple #Jail #PasswordInstagram password leaked, users at risk
instagram password leaker,instagram password leak list,instagram password finder,leaked password database download,instagram database leak download,instagram password cracker,instagram leak,instagram...
stepcoding.blogspot.com",,,6,7,[],https://twitter.com/stepcoding/status/1223455298515423232
Follow Me back,@mohit36847630,2020-02-01T02:34:24.000Z,"Zombie Army 4 Dead War-3 days left
http://bit.ly/36Pafxs#hacked #hacker #hacking #cybersecurity #hackers #hack #kalilinux #programming #security #python #ethicalhacking #coding #cyber #hacks #technology #linux #anonymous #tech #programmer #like #pentesting #AI #ResidentEvil3 #fraud",,,11,5,[],https://twitter.com/mohit36847630/status/1223434392405598208
super col123,@Col123Super,2020-02-01T02:32:31.000Z,"Zombie Army 4 Dead War-3 days left
http://bit.ly/36Pafxs#hacked #hacker #hacking #cybersecurity #hackers #hack #kalilinux #programming #security #python #ethicalhacking #coding #cyber #hacks #technology #linux #anonymous #tech #programmer #like #pentesting #Hackers #hunting #horror",,,,,[],https://twitter.com/Col123Super/status/1223433918667358208
Gaming buddy,@stepcoding,2020-02-01T02:31:36.000Z,"Zombie Army 4 Dead War-3 days to go
http://bit.ly/36Pafxs#hacked #hacker #hacking #cybersecurity #hackers #hack #kalilinux #programming #security #python #ethicalhacking #coding #cyber #hacks #technology #linux #anonymous #tech #programmer #see #pentesting #gamers #horror #Apple #Jail",,,6,7,[],https://twitter.com/stepcoding/status/1223433688098078720
Follow Me back,@mohit36847630,2020-02-01T01:42:17.000Z,"Little Nightmares 2- fell horror
http://bit.ly/319ijrE#hacked #hacker #hacking #cybersecurity #hackers #hack #kalilinux #programming #security #python #ethicalhacking #coding #cyber #hacks #technology #linux #anonymous #tech #programmer #like #pentesting #AI #ResidentEvil3 #fraud",,,11,6,[],https://twitter.com/mohit36847630/status/1223421278188556289
super col123,@Col123Super,2020-02-01T01:40:39.000Z,"Little Nightmares 2- fell horror
http://bit.ly/319ijrE#hacked #hacker #hacking #cybersecurity #hackers #hack #kalilinux #programming #security #python #ethicalhacking #coding #cyber #hacks #technology #linux #anonymous #tech #programmer #like #pentesting #Hackers #hunting #horror",,,,1,[],https://twitter.com/Col123Super/status/1223420866945404929
Gaming buddy,@stepcoding,2020-02-01T01:39:47.000Z,"Little Nightmares 2- fell horror
http://bit.ly/319ijrE#hacked #hacker #hacking #cybersecurity #hackers #hack #kalilinux #programming #security #python #ethicalhacking #coding #cyber #hacks #technology #linux #anonymous #tech #programmer #like #pentesting #gamers #horror #Apple #Jail",,,6,6,[],https://twitter.com/stepcoding/status/1223420648560574465
Wicked World,@WICKEDXWAYS1972,2020-02-02T23:49:25.000Z,"I'm an Anonymous hacker in prison, and I am not a crook. I'm an activist-Jeremy Hammond #FreeJeremyI'm an Anonymous hacker in prison, and I am not a crook. I'm an activist | Jeremy Hammond
Jeremy Hammond: We may have hacked Sony back in the day, but we are still a social justice movement, from economic inequality to police brutality. Hacktivism is still the future
theguardian.com",,11,128,155,['https://pbs.twimg.com/card_img/1358691802342182913/_oak_KrK?format=jpg&name=small'],https://twitter.com/WICKEDXWAYS1972/status/1224117650013356032
T,@truecolbyfacts,2020-02-02T18:37:25.000Z,He is a professional hacker and is part of Anonymous.,,,,3,[],https://twitter.com/truecolbyfacts/status/1224039134517317632
"James hunter
#BLM
#FBPE",@jamestookredpil,2020-02-02T18:27:52.000Z,"ÂõûÂ§ç 
@AuthorMonikaOnly some English are xenophobic fools. The rest of us and I believe the majority are just lost in another voting hacker scam. The world will never know truth till tech is taken out of elections. The end anonymous computer votes",üåä üåä üåä üåà üõ∏ ‚ô• üìÄ üåç,,,,[],https://twitter.com/jamestookredpil/status/1224036729885274112
izzuizzuddin,@IzzuIzzuddin,2020-02-02T14:41:43.000Z,"ÂõûÂ§ç 
@adyla_01Action tapi ade lawak lawak skit
The extreme job
The spy who dumped me

Kalau nk pasal hacker

Anonymous 616
Who am I
Snowden 2016",,,,,[],https://twitter.com/IzzuIzzuddin/status/1223979817147629569
"Michelle is Tired. So, so tired.",@kilnfiendpotter,2020-02-02T08:24:16.000Z,"Ok, but what if:

Selina Kyle was a hacker who stole from the 1% to single-handedly keep the shelters in Gotham City afloat?

She hacks into offshore accounts, manipulates the cryptocurrency market, and funnels all of it into anonymous donations to shelters/animal hospitals. 1/",,7,,43,[],https://twitter.com/kilnfiendpotter/status/1223884827834732544
Roger Smith,@rogerlsmith,2020-02-02T04:24:07.000Z,Just thinking that #anonymous might be able to disrupt or block the state of the union speech on Tuesday.  That would show republican thugs that hackers are now stronger than their gun toting #maga idiots.,,,1,3,[],https://twitter.com/rogerlsmith/status/1223824392897155073
Follow Me back,@mohit36847630,2020-02-02T03:30:20.000Z,"Meena-Google's new chatbot
http://bit.ly/2Oln9gh#hacked #hacker #hacking #cybersecurity #hackers #hack #kalilinux #programming #security #python #ethicalhacking #coding #cyber #hacks #technology #linux #anonymous #tech #programmer #like #pentesting #AI #ResidentEvil3 #fraud #googleMeena-Google's new chatbot
meena google ai,google new ai,google ai games,google ai course,google ai name,benefits of google ai,google ai services,google ai stories,google ai blog,google ai white papers,
stepcoding.blogspot.com",,,7,3,['https://pbs.twimg.com/card_img/1358744370535665667/iBS8q2k9?format=png&name=240x240'],https://twitter.com/mohit36847630/status/1223810857802465280
super col123,@Col123Super,2020-02-02T03:28:20.000Z,"Meena-Google's new chatbot
http://bit.ly/2Oln9gh#hacked #hacker #hacking #cybersecurity #hackers #hack #kalilinux #programming #security #python #ethicalhacking #coding #cyber #hacks #technology #linux #anonymous #tech #programmer #like #pentesting #Hackers #hunting #horror #LeakedMeena-Google's new chatbot
meena google ai,google new ai,google ai games,google ai course,google ai name,benefits of google ai,google ai services,google ai stories,google ai blog,google ai white papers,
stepcoding.blogspot.com",,,,1,['https://pbs.twimg.com/card_img/1358744370535665667/iBS8q2k9?format=png&name=240x240'],https://twitter.com/Col123Super/status/1223810352611069953
Gaming buddy,@stepcoding,2020-02-02T03:27:05.000Z,"Meena-Google's new chatbot
http://bit.ly/2Oln9gh#hacked #hacker #hacking #cybersecurity #hackers #hack #kalilinux #programming #security #python #ethicalhacking #coding #cyber #hacks #technology #linux #anonymous #tech #programmer #see #pentesting #gamers #horror #Apple #ZIP #PasswordMeena-Google's new chatbot
meena google ai,google new ai,google ai games,google ai course,google ai name,benefits of google ai,google ai services,google ai stories,google ai blog,google ai white papers,
stepcoding.blogspot.com",,,11,8,['https://pbs.twimg.com/card_img/1358744370535665667/iBS8q2k9?format=png&name=240x240'],https://twitter.com/stepcoding/status/1223810038008971264
DIGITALIVE.WORLD,@DigitaliveWorld,2020-02-02T01:28:45.000Z,"More wokeademia, Hacker News
  An anonymous commenter on my  last pos...
https://digitalive.world/more-wokeademia-hacker-ne‚Ä¶...More wokeademia, Hacker News - DIGITALIVE.WORLD
More wokeademia, Hacker News - DIGITALIVE.WORLD
digitalive.world",,,,,[],https://twitter.com/DigitaliveWorld/status/1223780260950560769
Liz Throop,@populational,2020-02-02T01:07:55.000Z,"ÂõûÂ§ç 
@lovetogive2
 @JonathanSimon14
 Âíå 
@joncoopertweetsCoC is harder for elections because every vote must be anonymous. But #HandMarkedPaperBallots can be imprinted with serial numbers on tags that tear off, then scanned & tabulated right in the polling place. Don‚Äôt let a hacker steal votes in your precinct!",,3,7,11,[],https://twitter.com/populational/status/1223775017571356673
birdseed,@birdsee44018322,2020-02-03T23:24:59.000Z,"ÂõûÂ§ç 
@rich_houtx
 Âíå 
@KatiePhangNot if the records have been tainted to start with! Or adjusted during the voting timeframe from anonymous hackers...",,,,,[],https://twitter.com/birdsee44018322/status/1224473890027536384
FapBot,@itsfapbot,2020-02-03T22:34:08.000Z,"Hacker group, Anonymous says they will do for someone.",,,,,[],https://twitter.com/itsfapbot/status/1224461094217011200
"Anarchist ‚ï∞‚òÜ‚ïÆ‚íª‚ì°‚ìî‚ìî ‚í∂‚ìù‚ìû‚ìù‚ì¢‚ï∞‚òÜ‚ïÆ
Free Assange",,2020-02-03T22:00:08.000Z,"I'm an #Anonymous hacker in prison, and I am not a crook. I'm an activist
       Jeremy Hammond
Hector Monsegur ‚Äì aka Sabu, the hacker-turned-FBI-informant who is responsible for many of our arrests
https://theguardian.com/commentisfree/2014/dec/18/anonymous-hacker-prison-jeremy-hammond-hacktivism?utm_content=bufferc0a80&utm_medium=social&utm_source=twitter.com&utm_campaign=buffer‚Ä¶

https://anonymous-france.eu/players/video/2012/jeremy-hammond-alias-anarchaos.mp4‚Ä¶

#FreeJeremy #Freeanons",üçÄ üçÄ,1,27,34,[],https://twitter.com/aka_Gb/status/1224452538134454275
UNDERCODE NEWS,@UndercodeNews,2020-02-03T21:34:42.000Z,"Facebook vulnerability
Facebook last week resolved a security breach that exposed the account of the homepage administrator and was used by hackers to launch in-field attacks on the homepages of several celebrities.The homepage administrator's account is anonymous, and unless..",ü¶ë,,,4,['https://pbs.twimg.com/media/EP4bQu1VAAUWZth?format=jpg&name=small'],https://twitter.com/UndercodeNews/status/1224446133914615810
Dr. Patrick R. Mullen,@prmullen69,2020-02-03T21:20:52.000Z,"ÂõûÂ§ç 
@MollyMcKewAnonymous hackers were once breaching companies and government networks for various humanitarian or social causes, but according to IBM, the group's name has been tarnished by its involvement with politically-themed campaigns, which IBM says has turned away many of its members",,,,,[],https://twitter.com/prmullen69/status/1224442653430779904
Ntisec #NeoSlave,@ntisec,2020-02-03T20:56:16.000Z,"I'm an Anonymous hacker in prison, and I am not a crook. I'm an activist

Jeremy Hammond

#FreeJeremy https://amp.theguardian.com/commentisfree/2014/dec/18/anonymous-hacker-prison-jeremy-hammond-hacktivism?__twitter_impression=true‚Ä¶",üè¥,,,,[],https://twitter.com/ntisec/status/1224436464672374785
AnonymousUCIH,@AnonymousUcih,2020-02-03T20:45:21.000Z,"I'm an Anonymous hacker in prison, and I am not a crook. I'm an activist | Anonymous | The Guardian #FreeJeremy 
                  MEEEEEOOOOOOOWWWW!!!Ê≠§ÁßÅ‰ø°ÂèØËÉΩÂåÖÂê´ÊïèÊÑüÂÜÖÂÆπ„ÄÇÊõ¥ÊîπËÆæÁΩÆ
Êü•Áúã",üçÄ ‚úå üçÄ,,,,[],https://twitter.com/AnonymousUcih/status/1224433715553566727
Elsa Fidelis,@socookre,2020-02-03T19:49:22.000Z,"@HelierCheung
 Notorious hacker group #Anonymous has hacked 
@UN
 webpage.
https://old.reddit.com/r/teenagers/comments/ey9n69/we_are_anonymous_we_remind_the_world_about_hong/‚Ä¶",,,,,[],https://twitter.com/socookre/status/1224419625598771201
Pim Barnett,@barnett_pim,2020-02-03T16:10:09.000Z,Where is Anonymous when we really need them? Hackers somewhere in the world should release Trump‚Äôs tax returns and other financial information. Let‚Äôs play hardball.,,,,,[],https://twitter.com/barnett_pim/status/1224364458241380352
Follow Me back,@mohit36847630,2020-02-03T10:19:40.000Z,"Hacker hacked Google Maps, showed traffic jam on empty way
http://bit.ly/2GULRQp#hacked #hacker #hacking #cybersecurity #hackers #hack #kalilinux #programming #security #python #ethicalhacking #coding #cyber #hacks #technology #linux #anonymous #tech #programmer #like #pentesting #AIHacker hacked Google Maps, showed traffic jam on empty way
Hacker hacked Google Maps, showed traffic jam on empty way Hackers are now committing hacking attacks to make fun of people. Simon Weckert, an artist from Berlin, hacked Google Maps with the help of...
stepcoding.blogspot.com",,,,,[],https://twitter.com/mohit36847630/status/1224276257937838080
super col123,@Col123Super,2020-02-03T10:18:18.000Z,"Hacker hacked Google Maps, showed traffic jam on empty way
http://bit.ly/2GULRQp#hacked #hacker #hacking #cybersecurity #hackers #hack #kalilinux #programming #security #python #ethicalhacking #coding #cyber #hacks #technology #linux #anonymous #tech #programmer #like #pentesting #mapHacker hacked Google Maps, showed traffic jam on empty way
Hacker hacked Google Maps, showed traffic jam on empty way Hackers are now committing hacking attacks to make fun of people. Simon Weckert, an artist from Berlin, hacked Google Maps with the help of...
stepcoding.blogspot.com",,,,,[],https://twitter.com/Col123Super/status/1224275915644915716
Gaming buddy,@stepcoding,2020-02-03T10:17:21.000Z,"Hacker hacked Google Maps, showed traffic jam on empty way
http://bit.ly/2GULRQp#hacked #hacker #hacking #cybersecurity #hackers #hack #kalilinux #programming #security #python #ethicalhacking #coding #cyber #hacks #technology #linux #anonymous #tech #programmer #see #pentesting #gameHacker hacked Google Maps, showed traffic jam on empty way
Hacker hacked Google Maps, showed traffic jam on empty way Hackers are now committing hacking attacks to make fun of people. Simon Weckert, an artist from Berlin, hacked Google Maps with the help of...
stepcoding.blogspot.com",,,20,10,[],https://twitter.com/stepcoding/status/1224275674308861952
Follow Me back,@mohit36847630,2020-02-03T05:02:20.000Z,"Wasteland 3-Life is waste
http://bit.ly/37RpAil#hacked #hacker #hacking #cybersecurity #hackers #hack #kalilinux #programming #security #python #ethicalhacking #coding #cyber #hacks #technology #linux #anonymous #tech #programmer #like #pentesting #AI #ResidentEvil3 #gamedev #hack",,,,,[],https://twitter.com/mohit36847630/status/1224196396305141760
super col123,@Col123Super,2020-02-03T04:51:42.000Z,"Wasteland 3-Life is waste
http://bit.ly/37RpAil#hacked #hacker #hacking #cybersecurity #hackers #hack #kalilinux #programming #security #python #ethicalhacking #coding #cyber #hacks #technology #linux #anonymous #tech #programmer #like #pentesting #Hackers #hunting #s10 #gaming",,,,,[],https://twitter.com/Col123Super/status/1224193723669438464
Gaming buddy,@stepcoding,2020-02-03T04:50:08.000Z,"Wasteland 3-Life is waste
http://bit.ly/37RpAil#hacked #hacker #hacking #cybersecurity #hackers #hack #kalilinux #programming #security #python #ethicalhacking #coding #cyber #hacks #technology #linux #anonymous #tech #programmer #see #pentesting #gamers #horror #Apple #gaming #xboxWasteland 3-Gameplay | Platform | Releasing Date | System Requirements | Review | Trailer.
Introduction to wasteland 3| wasteland 3- Gameplay | wasteland 3- Platform | wasteland 3 Genre | Zombie Army 4 Dead War Releasing Date | wasteland 3 System Requirements | wasteland 3 Review |...
memakky.com",,,16,11,[],https://twitter.com/stepcoding/status/1224193326426931200
Anonymous Live,@AnonLive,2020-02-03T02:31:32.000Z,Can you sue an anonymous hacker for a ransomware attack? This company is. - BenefitsPro http://dlvr.it/RPGDPb,,,,,['https://pbs.twimg.com/media/EP0Vn09U0AEMled?format=jpg&name=small'],https://twitter.com/AnonLive/status/1224158449195372544
Gaming buddy,@stepcoding,2020-02-03T02:26:19.000Z,"Samsung Galaxi S20 leaked specifications
http://bit.ly/2vKtprE#hacked #hacker #hacking #cybersecurity #hackers #hack #kalilinux #programming #security #python #ethicalhacking #coding #cyber #hacks #technology #linux #anonymous #tech #programmer #see #pentesting #gamers #horror #AppleSamsung Galaxi S20 leaked specifications
Samsung is preparing to launch its new S Series smartphone Galaxy S20. According to the leaked report,samsung galaxy launch verizon samsung galaxy s11,how much is samsung galaxy s10,samsung galaxy...
stepcoding.blogspot.com",,,10,7,['https://pbs.twimg.com/card_img/1360440354806394881/2JG0H21B?format=png&name=240x240'],https://twitter.com/stepcoding/status/1224157136449499141
Sojourner,@artisteHart,2020-02-03T02:22:49.000Z,"You mean the ‚ÄúAnonymous‚Äù hackers who chewed up Karl Rove‚Äôs vote-flipping plan in 2012? You know that time he was apoplectic when the attempts to log in and mess w results was stopped? 
Do let‚Äôs chat about this, Matt.
https://salon.com/2012/11/20/did_anonymous_stop_rove_stealing_the_election/‚Ä¶ÂºïÁî®Êé®Êñá
Rep. Matt Gaetz
@RepMattGaetz
 ¬∑ 2020Âπ¥2Êúà2Êó•
Hunter Biden himself admitted that the only reason he had a job with Burisma was because his dad was the Vice President of the United States handling Ukraine policy. #BidenCrimeFamily",üëÅ,1,,,['https://pbs.twimg.com/profile_images/1080559825946374144/n1tU4WLx_mini.jpg'],https://twitter.com/artisteHart/status/1224156255750696961
Anonymous_L√ºnen,@Anon_Luenen,2020-02-03T01:01:53.000Z,"I'm an Anonymous hacker in prison, and I am not a crook. I'm an activist | Jeremy Hammond https://theguardian.com/commentisfree/2014/dec/18/anonymous-hacker-prison-jeremy-hammond-hacktivism‚Ä¶ #freejeremyI'm an Anonymous hacker in prison, and I am not a crook. I'm an activist | Jeremy Hammond
Jeremy Hammond: We may have hacked Sony back in the day, but we are still a social justice movement, from economic inequality to police brutality. Hacktivism is still the future
theguardian.com",,,3,1,['https://pbs.twimg.com/card_img/1358691802342182913/_oak_KrK?format=jpg&name=small'],https://twitter.com/Anon_Luenen/status/1224135888659271684
QuestionAll,@BreakingNewsFi2,2020-02-03T00:34:02.000Z,"Why do we tolerate the existence of #police?

Why is it accepted that thugs with guns violently enforce socioeconomic barriers?

#anonymous #Anarcy #Anarchism #CyberAktivist #hackers #activist #supportes #CgAn #AntiSec #AnonFamily  #WeAreOne #1–≠–≠7–†—çd–æ–ù—Ü–∏—Ç—ç—ès",,,2,2,[],https://twitter.com/BreakingNewsFi2/status/1224128877099798528
LB,@Miss_greyhat,2020-02-04T22:30:19.000Z,"One solution.... REVOLUTION 
#anonymous #CyberAktivist #hackers #activist #supportes #CgAn #AntiSec #AnonFamily #WeAreOne #WeAreAwake #ExpectUs #ExpectTheUnexpected",üéó üçÄ üíô üíú üåè üíõ üíö üïâ,2,12,22,['https://pbs.twimg.com/media/EP9xlzNX0AEWJTM?format=jpg&name=small'],https://twitter.com/Miss_greyhat/status/1224822519804448769
Justin Bass,@J3BOh,2020-02-04T21:33:48.000Z,"What is a trial without a witness? A sham trial for a sham president. 

Republicans and Conservatives hide behind anonymous social media. Or maybe it‚Äôs just the hackers/bots/trolls who enable the corruption of our government for the benefit of Putin.ÂºïÁî®Êé®Êñá
Todd Owens
@salsifresh
 ¬∑ 2020Âπ¥2Êúà5Êó•
ÂõûÂ§ç @J3BOh Âíå @SenatorRounds
Mike Rounds made the Constitution stronger today.  The Constitution is our inalienable ticket to freedom.  Any senator that votes for impeachment is operating under a false agenda in their service to ""the people"".",,,,,[],https://twitter.com/J3BOh/status/1224808295241637890
Anonymous,@Anonymo64105525,2020-02-04T19:37:43.000Z,"@BlowsMary
 waring you profile destroy for 20 Day by HŒõCKŒûD anonymous Hacker",,,1,1,[],https://twitter.com/Anonymo64105525/status/1224779084913369089
Ian Miles Cheong,@stillgray,2020-02-04T19:06:51.000Z,"Nice to see the libs having a normal one today by blaming Russian hackers, Donald Trump, Anonymous, GamerGate and god knows what else on the #IowaCaucusDisaster.",,10,29,99,[],https://twitter.com/stillgray/status/1224771314298150912
Inner City Press,@innercitypress,2020-02-04T18:48:22.000Z,"Shroff: You don't know anything about Anonymous, correct?
Rosenzweig: I don't understand.
Shroff: Have you ever spoke to anyone in the Anonymous hackers collective?
Rosenzweig: I have.
Shroff: Did they tell you how to do this demonstrative?
Rosenzweig: No.",,2,,8,[],https://twitter.com/innercitypress/status/1224766664916504578
Voice Of Tre‚í∂son,@1withtheplanet,2020-02-04T17:17:27.000Z,".
@peterjukes
 / 
@BylineFest
 / 
@BylineTimes
 - Please consider ex-Lulzsec/Anonymous hackers as speakers for your festival 
@musalbas
 & 
@DoubleJake
 ... Here's Mustafa talking about 
@GCHQ
's #JTRIG Uncovering British spies‚Äô web of sockpuppet social media personas34C3 - Uncovering British spies‚Äô web of sockpuppet social media...
https://media.ccc.de/v/34c3-9233-uncovering_british_spies_web_of_sockpuppet_social_media_personasThe Joint Threat Research Intelligence Group (JTRIG), a unit...
youtube.com",,1,1,,['https://pbs.twimg.com/card_img/1359772358060474368/UrktFAma?format=jpg&name=240x240'],https://twitter.com/1withtheplanet/status/1224743783214043136
Bougie Parfum√©e - fkaùòºùôàùôäùôé ¬Æ,@baltimosmoe,2020-02-04T17:00:31.000Z,"Hackers to anonymous twitter trolls:
‚ÄúWe got your {[phone numbers]}
You done left fingerprints and all
You are so dumb
You are really dumb--for real‚ÄùHackers Exploited Twitter Bug to Find Linked Phone Numbers of Users
Attackers Exploited Twitter API to Find Linked Phone Numbers for Millions of Users
thehackernews.com",,1,,1,['https://pbs.twimg.com/card_img/1358772808092966912/BG4-KQML?format=jpg&name=small'],https://twitter.com/baltimosmoe/status/1224739522887540737
Benjamin Delpy,@gentilkiwi,2020-02-04T16:25:50.000Z,"I think I‚Äôm not the only one in Paris to go 
@BlueHatIL
 in this plane 
 
See you soon anonymous hacker",ü•ù ‚úà,1,,33,['https://pbs.twimg.com/media/EP8eKbFX4AEN6Ad?format=jpg&name=small'],https://twitter.com/gentilkiwi/status/1224730795329359872
June Doe,@theonlyjunedoe,2020-02-04T16:13:03.000Z,"ÂõûÂ§ç 
@theonlyjunedoe
 @33_nails
 Âíå 
@painting_tlcFrankly wish those Anonymous hackers from back in the day would release the list. I wonder how many world leaders are on that list besides ours. ",ü§î,,,1,[],https://twitter.com/theonlyjunedoe/status/1224727575735545857
V√´≈Ñdƒôtt√¶,@VendettaAnon1,2020-02-04T15:00:15.000Z,"#Anonymous has some computer hackers, but many are simply people who enjoy the Internet on a daily basis and believe in freedom of information. ",üçÄ üòè,,,1,[],https://twitter.com/VendettaAnon1/status/1224709257989382147
Bianca Labraque,@biancalabraque,2020-02-04T14:34:59.000Z,"ÂõûÂ§ç 
@_JalibuttWe reported the group chat again and again, but all the user accounts in there were anonymous. They use some sort of secondary account with all their informations hidden. Some of the members are professional hackers who gets private photos from women‚Äôs facebook accounts.",,1,,,[],https://twitter.com/biancalabraque/status/1224702897876865027
Israel,@f1tym1,2020-02-04T14:10:09.000Z,"FBI Catches Hacker That Stole Nintendo's Secrets For Years An anonymous reader quotes a report from Ars Technica: A 21-year-old California man has pleaded guilty to hacking Nintendo's servers multiple times since 2016, using phishing techniques to gain e‚Ä¶FBI Catches Hacker That Stole Nintendo's Secrets For Years - Slashdot
An anonymous reader quotes a report from Ars Technica: A 21-year-old California man has pleaded guilty to hacking Nintendo's servers multiple times since 2016, using phishing techniques to gain early...
games.slashdot.org",,,,,['https://pbs.twimg.com/card_img/1357451077193506822/APucehsi?format=png&name=120x120'],https://twitter.com/f1tym1/status/1224696648686886912
VenueHomes,@VenueHomes_vn,2020-02-04T13:04:08.000Z,"FBI Catches Hacker That Stole Nintendo's Secrets For Years: https://ift.tt/31ry8tP An anonymous reader quotes a report from Ars Technica: A 21-year-old California man has pleaded guilty to hacking Nintendo's servers multiple times since 2016, using phishing techniques to gain ‚Ä¶FBI Catches Hacker That Stole Nintendo's Secrets For Years - Slashdot
An anonymous reader quotes a report from Ars Technica: A 21-year-old California man has pleaded guilty to hacking Nintendo's servers multiple times since 2016, using phishing techniques to gain early...
games.slashdot.org",,,,,['https://pbs.twimg.com/card_img/1357451077193506822/APucehsi?format=png&name=120x120'],https://twitter.com/VenueHomes_vn/status/1224680035736485888
Greg Adams,@Greg_Adams_,2020-02-04T11:21:28.000Z,"ÂõûÂ§ç 
@bitterarabWell known tactic that they use. A hacker for Anonymous was lumbered by Mi5 posing as UPS.",,1,,1,[],https://twitter.com/Greg_Adams_/status/1224654198349991936
LB,@Miss_greyhat,2020-02-04T11:21:01.000Z,"Some people should learn that silence, in some cases, is the best answer ... why try to answer those who just mock you ... give your indifference !!! 
@opchildsafety
#anonymous #CyberAktivist #hackers #activist #supportes #CgAn #AntiSec #AnonFamily  #1–≠–≠7–†—çd–æ–ù—Ü–∏—Ç—ç—ès",üéó üçÄ ü•Ä,6,11,26,['https://pbs.twimg.com/media/EP7YZhPXsAIdpJ3?format=jpg&name=900x900'],https://twitter.com/Miss_greyhat/status/1224654083518320640
"„ÄäCodes For A Cause„Äã
recharge, retweet, repeat",,2020-02-04T11:13:13.000Z,#vulnz #new #maps #geolocation #hack @ Anonymous Hackers Group https://instagram.com/p/B8JJKtogWtk/?igshid=b8kae14a9ke‚Ä¶,ü§ñ üê¶,,,,[],https://twitter.com/Blogspl0it/status/1224652120151838720
newmovieslinkz,@movieslinks3,2020-02-04T10:09:33.000Z,"Wasteland 3-Life is waste
http://bit.ly/37RpAil#hacked #hacker #hacking #cybersecurity #hackers #hack #kalilinux #programming #security #python #ethicalhacking #coding #cyber #hacks #technology #linux #anonymous #tech #programmer #see #pentesting #gamers #horror #Apple #gaming #xbox",,,,,[],https://twitter.com/movieslinks3/status/1224636101563781122
newmovieslinkz,@movieslinks3,2020-02-04T10:09:09.000Z,"Hacker hacked Google Maps, showed traffic jam on empty way
http://bit.ly/2GULRQp#hacked #hacker #hacking #cybersecurity #hackers #hack #kalilinux #programming #security #python #ethicalhacking #coding #cyber #hacks #technology #linux #anonymous #tech #programmer #see #pentesting #gameHacker hacked Google Maps, showed traffic jam on empty way
Hacker hacked Google Maps, showed traffic jam on empty way Hackers are now committing hacking attacks to make fun of people. Simon Weckert, an artist from Berlin, hacked Google Maps with the help of...
stepcoding.blogspot.com",,,10,1,['https://pbs.twimg.com/card_img/1360440345889234945/5uSxkP0L?format=png&name=240x240'],https://twitter.com/movieslinks3/status/1224635999319314443
newmovieslinkz,@movieslinks3,2020-02-04T10:08:43.000Z,"advance Flying Car game
http://bit.ly/2u9bGd4#hacked #hacker #hacking #cybersecurity #hackers #hack #kalilinux #programming #security #python #ethicalhacking #coding #cyber #hacks #technology #linux #anonymous #tech #programmer #see #pentesting #game #car #Ferrari #BMW #Nissan #Biker",,,,1,[],https://twitter.com/movieslinks3/status/1224635888107282432
newmovieslinkz,@movieslinks3,2020-02-04T10:08:18.000Z,"Poco X2 leaked specification- but in 30% discount on amazon
http://bit.ly/3b5iiK9#hacked #hacker #hacking #cybersecurity #hackers #hack #kalilinux #programming #security #python #ethicalhacking #coding #cyber #hacks #technology #linux #anonymous #programmer #see #POCOX2 #POCOIsHerePoco X2 leaked specification- buy in 30% discount on amazon
Poco is going to launch its new smartphone Poco X2 on tomorrow i.e. February 4. Just a day ago,poco x2,new launched smartphone,new mobile launch 2019 in india with price list,copo mobile,poco f1 in...
stepcoding.blogspot.com",,,,,[],https://twitter.com/movieslinks3/status/1224635786223505409
Follow Me back,@mohit36847630,2020-02-04T09:47:10.000Z,"advance Flying Car game
http://bit.ly/2u9bGd4#hacked #hacker #hacking #cybersecurity #hackers #hack #kalilinux #programming #security #python #ethicalhacking #coding #cyber #hacks #technology #linux #anonymous #programmer #like #POCOX2 #POCOIsHere #BikerGirl 
@iamcardib
 #roadtrip",,,,,[],https://twitter.com/mohit36847630/status/1224630465212010496
super col123,@Col123Super,2020-02-04T09:38:15.000Z,"advance Flying Car game
http://bit.ly/2u9bGd4#hacked #hacker #hacking #cybersecurity #hackers #hack #kalilinux #programming #security #python #ethicalhacking #coding #cyber #hacks #technology #linux #anonymous #tech #programmer #like #pentesting #car #Ferrari #ducati #Supercar #boost",,1,,1,[],https://twitter.com/Col123Super/status/1224628221104119809
Gaming buddy,@stepcoding,2020-02-04T09:36:58.000Z,"advance Flying Car game
http://bit.ly/2u9bGd4#hacked #hacker #hacking #cybersecurity #hackers #hack #kalilinux #programming #security #python #ethicalhacking #coding #cyber #hacks #technology #linux #anonymous #tech #programmer #see #pentesting #game #car #Ferrari #BMW #Nissan #Biker",,,21,10,[],https://twitter.com/stepcoding/status/1224627898855772161
Gaming buddy,@stepcoding,2020-02-04T09:00:28.000Z,"Poco X2 leaked specification- but in 30% discount on amazon
http://bit.ly/3b5iiK9#hacked #hacker #hacking #cybersecurity #hackers #hack #kalilinux #programming #security #python #ethicalhacking #coding #cyber #hacks #technology #linux #anonymous #programmer #see #POCOX2 #POCOIsHerePoco X2 leaked specification- buy in 30% discount on amazon
Poco is going to launch its new smartphone Poco X2 on tomorrow i.e. February 4. Just a day ago,poco x2,new launched smartphone,new mobile launch 2019 in india with price list,copo mobile,poco f1 in...
stepcoding.blogspot.com",,,10,8,[],https://twitter.com/stepcoding/status/1224618713548148738
Guignol's Band,@GuignolsBand,2020-02-04T06:53:18.000Z,"We never forget our imprisoned Comrades:

I'm an #Anonymous hacker in prison, and I am not a crook. I'm an activist.
Jeremy Hammond

#Antifascist
#FreeJeremyHammondI'm an Anonymous hacker in prison, and I am not a crook. I'm an activist | Jeremy Hammond
Jeremy Hammond: We may have hacked Sony back in the day, but we are still a social justice movement, from economic inequality to police brutality. Hacktivism is still the future
theguardian.com",,1,37,39,['https://pbs.twimg.com/card_img/1358691802342182913/_oak_KrK?format=jpg&name=small'],https://twitter.com/GuignolsBand/status/1224586710241116162
Anti-nazi,@Antinaz74547190,2020-02-04T06:25:28.000Z,"I'm an Anonymous hacker in prison, and I am not a crook. I'm an activist-Jeremy Hammond #FreeJeremyI'm an Anonymous hacker in prison, and I am not a crook. I'm an activist | Jeremy Hammond
Jeremy Hammond: We may have hacked Sony back in the day, but we are still a social justice movement, from economic inequality to police brutality. Hacktivism is still the future
theguardian.com",,,1,1,['https://pbs.twimg.com/card_img/1358691802342182913/_oak_KrK?format=jpg&name=small'],https://twitter.com/Antinaz74547190/status/1224579709339684864
Desclaux chantal,@Villa2Monde,2020-02-04T04:02:34.000Z,#Hackers Release ( #TheLatestNews Debate...): Have Extremist Conservative Hackers ‚Äú attacked ‚Äú #Iowa Democrats Caucus...? ( Historic #Anonymous on Retaliatory Debate...),,,,,[],https://twitter.com/Villa2Monde/status/1224543744885772293
DeeJay,@Dwighjn2,2020-02-05T23:11:31.000Z,"ÂõûÂ§ç 
@StrandjunkerWhere is the hacker group ""Anonymous ""?",,,,,[],https://twitter.com/Dwighjn2/status/1225195275326717953
wirefall (AKA Pwn Spice),@DHAhole,2020-02-05T21:45:15.000Z,"ÂõûÂ§ç 
@alexpotatoNot that I'm aware of. We're a spin-off of Austin Hackers Anonymous. They maintain a list of associated HAs. Not sure how up-to-date it is - https://takeonme.org/ourspawn.html",,,,1,[],https://twitter.com/DHAhole/status/1225173566381076481
"USAF Veteran, Pro Gun Control Gun Owner.",@ashupasu,2020-02-05T20:53:58.000Z,"ÂõûÂ§ç 
@jonlovettbut really...where are the hacker group ""Anonymous"" and where are the ""Occupy"" people on income inequality.",,,,,[],https://twitter.com/ashupasu/status/1225160661216268289
XRP-Pacandor ‚ìã,@Miesver,2020-02-05T17:10:06.000Z,"ÂõûÂ§ç 
@BoxerDarren
 Âíå 
@CredibleCryptoFor a normal dude no... But for a hacker it's a peace of cake... 

Just remember. Nothing... , nothing is anonymous on the world wide web...

And with this a mount I definitely would not take the risk..",,,,,[],https://twitter.com/Miesver/status/1225104322461163525
Mike Doyle,@Fe3Mike,2020-02-05T15:34:48.000Z,"ÂõûÂ§ç 
@IanColdwaterI‚Äôve been doing this professionally for a while. I find that anonymous hackers with female pronouns are conceptually more personable. I think of Trinity from The Matrix instead of clip art balaclava dude.",,,,1,[],https://twitter.com/Fe3Mike/status/1225080339434962945
Chiang Kai Shek,@GeneralChiangKS,2020-02-05T14:49:11.000Z,"#Taiwan has returned to 
@UN
 thanks to Anonymous hacker group.

UN page: https://esango.un.org/irene/index.html?page=viewContent&type=13&nr=81&section=13&message=Thank%20you%20for%20your%20comment.&index=0#comments‚Ä¶
Archived page: https://web.archive.org/web/20200204133345/https://esango.un.org/irene/index.html?page=viewContent&type=13&nr=81&section=13&message=Thank%20you%20for%20your%20comment.&index=0#comments‚Ä¶",,,3,6,['https://pbs.twimg.com/media/EQBRolEUcAAnhFl?format=jpg&name=small'],https://twitter.com/GeneralChiangKS/status/1225068858219753472
Chrissy,@Chrissy34427785,2020-02-05T11:36:50.000Z,"To Protest Assange‚Äôs Arrest, Anonymous Hackers Knock Over 1,600 UK Websites Offline, Including the Supreme Court and National Crime AgencyTo Protest Assange‚Äôs Arrest, Anonymous Hackers Knock Over 1,600 UK Websites Offline, Including the...
orinocotribune.com",,,,,[],https://twitter.com/Chrissy34427785/status/1225020454626156546
Annie Wu,@annieeenyc,2020-02-05T06:07:04.000Z,"Anonymous hackers are back at it with the trollingÂºïÁî®Êé®Êñá
Hong Kong World City
@HKWORLDCITY
 ¬∑ 2020Âπ¥2Êúà5Êó•
Anonymous creates pro-Taiwan page inside UN website #Taiwan http://taiwannews.com.tw/en/news/3871244",‚òî,,2,2,"['https://pbs.twimg.com/profile_images/1194619020831539206/mJGJ4rux_mini.jpg', 'https://pbs.twimg.com/media/EP_MyVJU8AApQp-?format=jpg&name=900x900']",https://twitter.com/annieeenyc/status/1224937462973321218
Matt C,@matt__chinn,2020-02-05T05:58:57.000Z,"ÂõûÂ§ç 
@luisjgomezBlack Lou from 
@TheBonfireSXM
Or a TSA Agent (anonymous)
Or a NSA contractor (anonymous)
A legit hacker affiliated with 
@YourAnonNews
Legit darkweb vendor (I know a few)

Or ya know, myself when I finish writing this book about killing my friend at 21, prison and being a junky",,1,,,[],https://twitter.com/matt__chinn/status/1224935423132229632
Follow Me back,@mohit36847630,2020-02-05T04:51:51.000Z,"Brain Test - Need high IQ to lay this
http://bit.ly/2UsrHFM#hacked #hacker #hacking #cybersecurity #hackers #hack #kalilinux #programming #security #python #ethicalhacking #coding #cyber #hacks #technology #linux #anonymous #programmer #like #POCOX2 #POCOIsHere #BikerGirl 
@iamcardib",,,,,[],https://twitter.com/mohit36847630/status/1224918536033726464
super col123,@Col123Super,2020-02-05T04:50:27.000Z,"Brain Test - Need high IQ to lay this
http://bit.ly/2UsrHFM#hacked #hacker #hacking #cybersecurity #hackers #hack #kalilinux #programming #security #python #ethicalhacking #coding #cyber #hacks #technology #linux #anonymous #tech #programmer #like #pentesting #car #Ferrari #ducati #iQ",,,,,[],https://twitter.com/Col123Super/status/1224918184546824192
Gaming buddy,@stepcoding,2020-02-05T04:49:35.000Z,"Brain Test - Need high IQ to lay this
http://bit.ly/2UsrHFM#hacked #hacker #hacking #cybersecurity #hackers #hack #kalilinux #programming #security #python #ethicalhacking #coding #cyber #hacks #technology #linux #anonymous #tech #programmer #see #pentesting #game #car #Ferrari #BMW",,,7,7,[],https://twitter.com/stepcoding/status/1224917964257759233
Ian Coldwater,@IanColdwater,2020-02-05T04:48:57.000Z,"It's really awesome that this article uses female pronouns for the anonymous hacker. I do this in every talk I do.

Not all hackers are white boys sitting in basements in the dark. Question your assumptions, and get others to question theirs.ÂºïÁî®Êé®Êñá
Huntress
@HuntressLabs
 ¬∑ 2020Âπ¥2Êúà4Êó•
Cybercriminals selling access to an MSP for $600? It‚Äôs real. Check out how we worked with @datto and @ConnectWise to discover, social engineer, and expose an attacker on the dark web.  #MSPs #cybersecurity #hackersgonnahack https://hubs.ly/H0mSZgh0",üì¶ üí•,14,28,256,['https://pbs.twimg.com/profile_images/1358890184427900928/7JIAynPG_mini.png'],https://twitter.com/IanColdwater/status/1224917807407730688
Follow Me back,@mohit36847630,2020-02-05T03:56:12.000Z,"Do you believe in google!
http://bit.ly/2v4Sw8h
#hacked #hacker #hacking #cybersecurity #hackers #hack #kalilinux #programming #security #python #ethicalhacking #coding #cyber #hacks #technology #linux #anonymous #programmer #like #POCOX2 #POCOIsHere #BikerGirl 
@iamcardibGoogle keeps an eye on every activity of yours, stores all the data
If you want to search on any topic, then the name first comes to the mind of Google. On the other hand,,is it safe to store tax documents on,google drive,google drive privacy concerns,how secure is...
stepcoding.blogspot.com",,,6,4,[],https://twitter.com/mohit36847630/status/1224904533203025921
super col123,@Col123Super,2020-02-05T03:54:27.000Z,"Do you believe in google!
http://bit.ly/2v4Sw8h#hacked #hacker #hacking #cybersecurity #hackers #hack #kalilinux #programming #security #python #ethicalhacking #coding #cyber #hacks #technology #linux #anonymous #tech #programmer #like #pentesting #car #Ferrari #ducati #Supercar #hackGoogle keeps an eye on every activity of yours, stores all the data
If you want to search on any topic, then the name first comes to the mind of Google. On the other hand,,is it safe to store tax documents on,google drive,google drive privacy concerns,how secure is...
stepcoding.blogspot.com",,,,1,[],https://twitter.com/Col123Super/status/1224904092398407682
Gaming buddy,@stepcoding,2020-02-05T03:52:57.000Z,"Do you believe in google!
http://bit.ly/2v4Sw8h#hacked #hacker #hacking #cybersecurity #hackers #hack #kalilinux #programming #security #python #ethicalhacking #coding #cyber #hacks #technology #linux #anonymous #tech #programmer #see #pentesting #game #car #Ferrari #BMW #NissanGoogle keeps an eye on every activity of yours, stores all the data
If you want to search on any topic, then the name first comes to the mind of Google. On the other hand,,is it safe to store tax documents on,google drive,google drive privacy concerns,how secure is...
stepcoding.blogspot.com",,,9,8,[],https://twitter.com/stepcoding/status/1224903711803076609
StechDoes: politics and fish,@StechDoesItAll,2020-02-06T18:30:51.000Z,"Computer security specialists, hackers, #anonymous, America needs you right now. There are thousands of russian disinformation farms booting up right now to destroy our Nation and Republicans will do NOTHING to stop it. It's up to us. We MUST shut them down. Counter attack.",,1,2,4,[],https://twitter.com/StechDoesItAll/status/1225487030529986561
newmovieslinkz,@movieslinks3,2020-02-06T13:01:55.000Z,"Do you believe in google!
http://bit.ly/2v4Sw8h#hacked #hacker #hacking #cybersecurity #hackers #hack #kalilinux #programming #security #python #ethicalhacking #coding #cyber #hacks #technology #linux #anonymous #tech #programmer #see #pentesting #game #car #Ferrari #BMW #NissanGoogle keeps an eye on every activity of yours, stores all the data
If you want to search on any topic, then the name first comes to the mind of Google. On the other hand,,is it safe to store tax documents on,google drive,google drive privacy concerns,how secure is...
stepcoding.blogspot.com",,,,1,['https://pbs.twimg.com/card_img/1358515361646342147/d6YUsVMk?format=jpg&name=240x240'],https://twitter.com/movieslinks3/status/1225404254937964545
newmovieslinkz,@movieslinks3,2020-02-06T13:00:19.000Z,"Game of thrones-Android game is coming
http://bit.ly/2Ox7vOY#hacked #hacker #hacking #cybersecurity #hackers #hack #kalilinux #programming #security #python #ethicalhacking #coding #cyber #hacks #technology #linux #anonymous #tech #programmer #see #pentesting #game #car #Ferrari #BMW",,,,,[],https://twitter.com/movieslinks3/status/1225403851592753153
ShiroKyo,@TSOTSI_9,2020-02-06T08:35:50.000Z,"Go To Anonymous! Go To Anonymous!
#Anonymous #Taiwan #UN #Hackers #TaiwaneseÊ≠§ÁßÅ‰ø°ÂèØËÉΩÂåÖÂê´ÊïèÊÑüÂÜÖÂÆπ„ÄÇÊõ¥ÊîπËÆæÁΩÆ
Êü•Áúã",,,,1,[],https://twitter.com/TSOTSI_9/status/1225337292933357569
FREE-HK.org,@pohung76,2020-02-06T07:26:30.000Z,"Hacker group ""Anonymous"" took down UN website and replaced it with content supporting #HongKong protesters and their 5 demands.  HK protesters have been protesting since June 2019 for freedom and high degree of autonomy.

#FightForFreedom #StandwithHK #FiveDemandsNotOneLess",üò∑,,1,,"['https://pbs.twimg.com/media/EQE14b3UUAA5WD6?format=jpg&name=small', 'https://pbs.twimg.com/media/EQE148_UUAEERNG?format=jpg&name=small', 'https://pbs.twimg.com/media/EQE15bxUYAAK2kF?format=jpg&name=small']",https://twitter.com/pohung76/status/1225319840769966080
Follow Me back,@mohit36847630,2020-02-06T04:57:12.000Z,"Game of thrones-Android game is coming
http://bit.ly/2Ox7vOY#hacked #hacker #hacking #cybersecurity #hackers #hack #kalilinux #programming #security #python #ethicalhacking #coding #cyber #hacks #technology #linux #anonymous #programmer #like #POCOX2 #POCOIsHere #BikerGirl 
@iamcardib",,,,,[],https://twitter.com/mohit36847630/status/1225282271503978497
super col123,@Col123Super,2020-02-06T04:56:02.000Z,"Game of thrones-Android game is coming
http://bit.ly/2Ox7vOY#hacked #hacker #hacking #cybersecurity #hackers #hack #kalilinux #programming #security #python #ethicalhacking #coding #cyber #hacks #technology #linux #anonymous #tech #programmer #like #pentesting #car #Ferrari #ducati",,,,,[],https://twitter.com/Col123Super/status/1225281975339999232
Gaming buddy,@stepcoding,2020-02-06T04:51:37.000Z,"Game of thrones-Android game is coming
http://bit.ly/2Ox7vOY#hacked #hacker #hacking #cybersecurity #hackers #hack #kalilinux #programming #security #python #ethicalhacking #coding #cyber #hacks #technology #linux #anonymous #tech #programmer #see #pentesting #game #car #Ferrari #BMW",,,7,7,[],https://twitter.com/stepcoding/status/1225280866575777792
#tacorevolutionary,@JustSikko,2020-02-06T03:53:52.000Z,"ÂõûÂ§ç 
@Ergoatfor anonymous ill probably have to use coleman's ""hacker hoaxer, whistleblower, spy"" even though ive heard a lot of critiques about the book from former anons. i havent read it myself so i cant really say how good it is.",,1,,2,[],https://twitter.com/JustSikko/status/1225266330082906114
I am Leland,@ebaylia,2020-02-06T01:57:54.000Z,"ÂõûÂ§ç 
@YourAnonCentralAnonymous could protect the vote by publishing exploits to hack the vote. We need paper ballots, and we're not going to get them if the hackers are perceived to be boosting GOP candidates. We need the GOP to be afraid of losing *their* vote.",,,,2,[],https://twitter.com/ebaylia/status/1225237146207809537
Saeran {606},@Hacker_606,2020-02-07T21:01:33.000Z,"‚ÄúSecurity agency. It‚Äôs not dangerous like Saeyoung‚Äôs. I‚Äôm one of their anonymous hackers.‚Äù

He reassured her and his lips traced down her neck slightly more. 

‚ÄúYou‚Äôre t√≠o worrisome Shari.‚ÄùÂºïÁî®Êé®Êñá
{MC} Sharon
Little Strawberry
@lilstrawbxrry
 ¬∑ 2020Âπ¥2Êúà8Êó•
""...Agency?""

She did not like the ring of that, her brows furrowed. ""So you'll continue the hacking? Aren't those jobs kind of...dangerous though? I know you have a talent, but I just don't want you to get in trouble."" twitter.com/Hacker_606/sta‚Ä¶",üçì,,,,['https://pbs.twimg.com/profile_images/1326527323064164354/OSqjaUZi_mini.jpg'],https://twitter.com/Hacker_606/status/1225887345104375815
Des of the Four Leaf,@Destructonaut,2020-02-07T17:58:04.000Z,"So I designed a new character, this is Anonymous(not real name but he never told anyone his real name) and yes he is a hacker who wears a mask almost constantly and makes great fried chicken",,,,,['https://pbs.twimg.com/media/EQMQC0jXkAArYzB?format=jpg&name=small'],https://twitter.com/Destructonaut/status/1225841171559321600
vlanglet,@vlanglet,2020-02-07T17:48:10.000Z,"""People may move on from these leaks, but hackers have long memories."" - Researchers Find 'Anonymized' Data Is Even Less Anonymous Than We Thought https://vice.com/en_ca/article/dygy8k/researchers-find-anonymized-data-is-even-less-anonymous-than-we-thought‚Ä¶ via 
@vicecanadaResearchers Find 'Anonymized' Data Is Even Less Anonymous Than We Thought
Corporations love to pretend that 'anonymization' of the data they collect protects consumers. Studies keep showing that‚Äôs not really true.
vice.com",,,,1,['https://pbs.twimg.com/card_img/1359889454417199111/iWZ9Jieu?format=jpg&name=small'],https://twitter.com/vlanglet/status/1225838676325863426
Kris Cross,@KrisCross76,2020-02-07T16:02:07.000Z,"99 problems, 1 solution... Power to the people.
#anonymous #CyberAktivist #hackers #activist #supportes #CgAn #AntiSec #AnonFamily #WeAreOne #WeAreAwake #ExpectUs #ExpectTheUnexpected #MAGA2020ÂºïÁî®Êé®Êñá
Juanita Broaddrick
@atensnut
 ¬∑ 2020Âπ¥2Êúà7Êó•
The most awesome video set to Pres Trump‚Äôs SOTU speech.   https://youtu.be/aDrtQlN6CkY",,,,,['https://pbs.twimg.com/profile_images/1312545540694069250/uFTgY5Zb_mini.jpg'],https://twitter.com/KrisCross76/status/1225811987856101376
Anonymous,@Anonymo64105525,2020-02-07T15:26:50.000Z,"@ElleBrookeUK
  waring you are profile destroy for 20 Day by HŒõCKŒûD anonymous Hacker and bank account",,,,1,[],https://twitter.com/Anonymo64105525/status/1225803110121189377
tomaka,@tomaka17,2020-02-07T14:32:47.000Z,"Fortunately, the FOSS hackers community culture is quite uniform. We are all smart, believe in transparency, clean code, maybe more left-wing-oriented.

I trust even anonymous people to not wish me anything bad and have the ethics to not introduce malicious code in their crates.",,1,,2,[],https://twitter.com/tomaka17/status/1225789508270088194
Anonymitycsl,@anonymitycsl,2020-02-07T12:29:46.000Z,"Anonymity Cyber Security Labs provides technology consulting, enterprise IT, and product engineering services company for high productivity of your organization. 
#anonymitycsl #hacker #cyber #iot #anonymous #networking #socialnetworking 
#data #developer #privacy #scada",,,1,2,['https://pbs.twimg.com/media/EQLE59FWsAQYyGL?format=jpg&name=small'],https://twitter.com/anonymitycsl/status/1225758550389141507
Anonymitycsl,@anonymitycsl,2020-02-07T12:07:34.000Z,"Embedded System Projects development is basically machine oriented programming that controls any hardware like AC & DC montor, Home appliance, Home automation , electronic machine etc by programming.
#anonymitycsl #cybersecurity #hacker #cyber #iot #anonymous #networking #data",,,,1,['https://pbs.twimg.com/ext_tw_video_thumb/1225752948778639360/pu/img/8b4qiPsF1tW8NfgA.jpg'],https://twitter.com/anonymitycsl/status/1225752961491591168
Anonymitycsl,@anonymitycsl,2020-02-07T11:59:32.000Z,"Autonomous robotics is the development of such robots that are capable of performing independent tasks. Human control is not required to get autonomous robots to complete their actions.
#anonymitycsl #hacker #cyber #iot #anonymous #networking #scada #cybersecurity 
#data #robots",,,,1,['https://pbs.twimg.com/ext_tw_video_thumb/1225750924326580225/pu/img/iOeUTIokeAK5Hbyu.jpg'],https://twitter.com/anonymitycsl/status/1225750940562706432
Channel24,@Channel24,2020-02-07T11:32:00.000Z,"With a breakout star in Rami Malek, a team of real-life hackers consulting, a Fight Club-level twist and the inspiration of Anonymous, it‚Äôs no wonder Mr. Robot is a hit https://channel24.co.za/TV/News/mr-robots-cult-like-success-is-no-hack-job-20200206‚Ä¶",,,3,15,['https://pbs.twimg.com/media/EQJ8XUzUEAAFdFi?format=jpg&name=small'],https://twitter.com/Channel24/status/1225744011618586624
SaltDNA,@saltcontrol,2020-02-07T09:00:33.000Z,"Researchers find 'anonymised' data is even less anonymous than we thought 

https://buff.ly/2Se7KPZ

#CyberCrime #Virus #UserData #CyberSecurity #InfoSec #CyberAttack #InformationTechnology #PrivacyThreat #SecurityRisk #DataBreach #Hacker #DataProtection #CyberCriminal #IoT",,,7,1,['https://pbs.twimg.com/media/EQKVBKiXkAEpBJ2?format=jpg&name=small'],https://twitter.com/saltcontrol/status/1225705897332219904
Kris Cross,@KrisCross76,2020-02-07T06:42:51.000Z,"99 problems, 1 solution... Power to the people.
#anonymous #CyberAktivist #hackers #activist #supportes #CgAn #AntiSec #AnonFamily #WeAreOne #WeAreAwake #ExpectUs #ExpectTheUnexpected ",,,,,"['https://pbs.twimg.com/media/EQJ1gF-U4AUmXrJ?format=jpg&name=360x360', 'https://pbs.twimg.com/media/EP9xlzNX0AEWJTM?format=jpg&name=360x360']",https://twitter.com/KrisCross76/status/1225671247435943938
Skywalker „ÉÑ,@pizza625,2020-02-07T06:02:10.000Z,"Device
Web Browserhttp  info
Location
California, United States
(may not match your exact location)
Time
February 6th, 11:00 PM GMT+8

Hacker #Netflix  info, Anyone from the anonymous?",,,,,[],https://twitter.com/pizza625/status/1225661008514936836
Jon,@CryptoTheLlama,2020-02-08T15:47:49.000Z,"A VPN will NOT keep you ANONYMOUS online!!! #coldhardfacts #hacker #hacking #vpn #anonymous #anonymity #cybersecurity #privacy #infosec #tor0:44
351 Ê¨°ËßÇÁúã",,,4,22,['https://pbs.twimg.com/ext_tw_video_thumb/1226170704577646597/pu/img/cLJ8_4em1tSiyqnK.jpg'],https://twitter.com/CryptoTheLlama/status/1226170777260756997
LB,@Miss_greyhat,2020-02-08T13:28:13.000Z,"The seed of kindness you
 plant today will bloom in the heart of those that you touch forever.

Kindness is free and we have so many around us who need it.

#anonymous #CyberAktivist #hackers #activist #supportes #CgAn #AntiSec #AnonFamily  #1–≠–≠7–†—çd–æ–ù—Ü–∏—Ç—ç—ès
@opchildsafety",üéó üçÄ,3,24,41,['https://pbs.twimg.com/media/EQQb3nBWsAAwCxc?format=jpg&name=small'],https://twitter.com/Miss_greyhat/status/1226135646378569728
newmovieslinkz,@movieslinks3,2020-02-08T13:11:40.000Z,"Samsung Galaxi S20 leaked specifications
http://bit.ly/2vKtprE#hacked #hacker #hacking #cybersecurity #hackers #hack #kalilinux #programming #security #python #ethicalhacking #coding #cyber #hacks #technology #linux #anonymous #tech #programmer #see #pentesting #gamers #horror #AppleSamsung Galaxi S20 leaked specifications
Samsung is preparing to launch its new S Series smartphone Galaxy S20. According to the leaked report,samsung galaxy launch verizon samsung galaxy s11,how much is samsung galaxy s10,samsung galaxy...
stepcoding.blogspot.com",,,,,['https://pbs.twimg.com/card_img/1360440354806394881/2JG0H21B?format=png&name=240x240'],https://twitter.com/movieslinks3/status/1226131483938742274
newmovieslinkz,@movieslinks3,2020-02-08T13:10:35.000Z,"Robots working to deliver medicines for corona virus in china
http://bit.ly/39heX8T#hacked #hacker #hacking #cybersecurity #hackers #hack #kalilinux #programming #security #python #ethicalhacking #coding #cyber #hacks #technology #linux #anonymous #tech #programmer #see #pentestingRobots working to deliver medicines, hail of corona virus in China
After the corona virus spread in China, the government is engaged in many efforts to control it.corona virus,coronavirus india, corona virus precaution,coronavirus doctor,
stepcoding.blogspot.com",,1,,,['https://pbs.twimg.com/card_img/1360256352510226434/dTjZwVmM?format=png&name=240x240'],https://twitter.com/movieslinks3/status/1226131209874485249
newmovieslinkz,@movieslinks3,2020-02-08T13:10:11.000Z,"Top 5 Best horror games of all time
http://bit.ly/2UxrG3f#hacked #hacker #hacking #cybersecurity #hackers #hack #kalilinux #programming #security #python #ethicalhacking #coding #cyber #hacks #technology #linux #anonymous #tech #programmer #see #pentesting #WhatsApp #hackerone #Java",,,7,1,[],https://twitter.com/movieslinks3/status/1226131111182585856
Follow Me back,@mohit36847630,2020-02-08T11:55:45.000Z,"Top 5 Best horror games of all time
http://bit.ly/2UxrG3f#hacked #hacker #hacking #cybersecurity #hackers #hack #kalilinux #programming #security #python #ethicalhacking #coding #cyber #hacks #technology #linux #anonymous #programmer #like #POCOX2 #POCOIsHere #BikerGirl #dynamobim",,,11,2,[],https://twitter.com/mohit36847630/status/1226112379064217605
super col123,@Col123Super,2020-02-08T11:53:28.000Z,"Top 5 Best horror games of all time
http://bit.ly/2UxrG3f#hacked #hacker #hacking #cybersecurity #hackers #hack #kalilinux #programming #security #python #ethicalhacking #coding #cyber #hacks #technology #linux #anonymous #tech #programmer #horror #Devil #DarkAges #games #gaming #CIA",,,9,2,[],https://twitter.com/Col123Super/status/1226111803559575552
Gaming buddy,@stepcoding,2020-02-08T11:51:14.000Z,"Top 5 Best horror games of all time
http://bit.ly/2UxrG3f#hacked #hacker #hacking #cybersecurity #hackers #hack #kalilinux #programming #security #python #ethicalhacking #coding #cyber #hacks #technology #linux #anonymous #tech #programmer #see #pentesting #WhatsApp #hackerone #Java",,,18,11,[],https://twitter.com/stepcoding/status/1226111242441383937
Auxdas Analytics,@auxdas,2020-02-08T11:17:39.000Z,"Auxdas - Powered by coffee and the brains feat. - C. K. V. (The anonymous Hacker) http://auxdas.com/?utm_source=autopost-tweet‚Ä¶ #AuxdasInsightAuxdas - Software de Escucha y Monitorizaci√≥n Online
Software de monitorizaci√≥n para medir cualquier acci√≥n de Comunicaci√≥n, Marketing y RRPP. Ayudamos a empresas a escuchar y medir lo que dicen sus clientes.
auxdas.com",,,,,['https://pbs.twimg.com/card_img/1360144724984803329/unyG9np8?format=png&name=240x240'],https://twitter.com/auxdas/status/1226102790927323145
leonel en casa,@feoligueroa,2020-02-08T10:51:57.000Z,"ÂõûÂ§ç 
@theneedledrop
 Âíå 
@JordanUhlThe anonymous hacker known as Bernie Bro",,,,2,[],https://twitter.com/feoligueroa/status/1226096321112760320
Digitalmunition,@maher275,2020-02-08T07:22:41.000Z,"How To Install TorGhost ‚Äì Become Anonymous By Hide IP On Kali Linux 2017.2 | Digital Hacker¬ª How To Install TorGhost ‚Äì Become Anonymous By Hide IP On Kali Linux 2017.2 | Digital Hacker
Torghost is a simple bash script which can randomly change your current ip address and be you anonymous with tor network. TorGhost can route all the network traffic through tor network i.e. every...
digitalmunition.me",,,,,[],https://twitter.com/maher275/status/1226043659788980228
Follow Me back,@mohit36847630,2020-02-08T05:39:06.000Z,"Robots working to deliver medicines for corona virus in china
http://bit.ly/39heX8T#hacked #hacker #hacking #cybersecurity #hackers #hack #kalilinux #programming #security #python #ethicalhacking #coding #cyber #hacks #technology #linux #anonymous #luck  #like #coronavirus #ChinaWuHanRobots working to deliver medicines, hail of corona virus in China
After the corona virus spread in China, the government is engaged in many efforts to control it.corona virus,coronavirus india, corona virus precaution,coronavirus doctor,
stepcoding.blogspot.com",,,9,2,['https://pbs.twimg.com/card_img/1360256352510226434/dTjZwVmM?format=png&name=240x240'],https://twitter.com/mohit36847630/status/1226017592181084165
Barbarism Begins At Home,@CagingRain,2020-02-08T05:38:09.000Z,"ÂõûÂ§ç 
@realDonaldTrumpOH Noes!  She threw up an ""OK"" hand gesture at 00:24.  Must be a time traveling Russian Anonymous Hacker Bro from the 1940's!",,,,,[],https://twitter.com/CagingRain/status/1226017353340784640
super col123,@Col123Super,2020-02-08T05:37:02.000Z,"Robots working to deliver medicines for corona virus in china
http://bit.ly/39heX8T#hacked #hacker #hacking #cybersecurity #hackers #hack #kalilinux #programming #security #python #ethicalhacking #coding #cyber #hacks #technology #linux #anonymous #tech #programmer #coronaviruschinaRobots working to deliver medicines, hail of corona virus in China
After the corona virus spread in China, the government is engaged in many efforts to control it.corona virus,coronavirus india, corona virus precaution,coronavirus doctor,
stepcoding.blogspot.com",,,,,['https://pbs.twimg.com/card_img/1360256352510226434/dTjZwVmM?format=png&name=240x240'],https://twitter.com/Col123Super/status/1226017070824845318
Gaming buddy,@stepcoding,2020-02-08T05:34:52.000Z,"Robots working to deliver medicines for corona virus in china
http://bit.ly/39heX8T#hacked #hacker #hacking #cybersecurity #hackers #hack #kalilinux #programming #security #python #ethicalhacking #coding #cyber #hacks #technology #linux #anonymous #tech #programmer #see #pentestingRobots working to deliver medicines, hail of corona virus in China
After the corona virus spread in China, the government is engaged in many efforts to control it.corona virus,coronavirus india, corona virus precaution,coronavirus doctor,
stepcoding.blogspot.com",,1,27,12,['https://pbs.twimg.com/card_img/1360256352510226434/dTjZwVmM?format=png&name=240x240'],https://twitter.com/stepcoding/status/1226016525661790208
Walkinsun,@Walkinsun1,2020-02-08T04:01:12.000Z,"ÂõûÂ§ç 
@realDonaldTrumpHi.
Where are your taxes?
Mnuchin can give us them.
You can.
Maybe a Russian hacker?
Maybe an Anonymous professional hacker?
Maybe NY AG can get them many ways, like the Deutsche Bank?
@TheDemCoalition
 
@GOP",,,1,2,[],https://twitter.com/Walkinsun1/status/1225992952423632896
Œ± —è Œπ Œ± –∏ Œ±,@_arianarod,2020-02-08T03:41:07.000Z,"@Snapchat
 The hacker has been opening my Snapchats (conformed by friends who are helping me) and responding to some.
He told one of my friends that he was paid on an anonymous online forum to hack into my account and to access my ‚Äúmy eyes only‚Äù. 
@snapchatsupport
 #snapchat",‚òØ ‚òØ,,,,[],https://twitter.com/_arianarod/status/1225987898811527168
CyberWarrior,@CyberDomain,2020-02-08T03:22:59.000Z,"Tor Browser: Secrets of the Deep Web, How to Stay Anonymous Online, and Surf the Web Like a Hacker https://tobem.com/cyberwar/tor-browser-secrets-of-the-deep-web-how-to-stay-anonymous-online-and-surf-the-web-like-a-hacker/‚Ä¶",,,,1,[],https://twitter.com/CyberDomain/status/1225983337061396480
CyberPunks.com,@_cyberpunks_,2020-02-08T03:20:02.000Z,"Whatever Happened to Anonymous? It was once the hacking bogeyman, but now it seems no more. https://buff.ly/2G4BclX #Anonymous #hackers #podcast",,,,,['https://pbs.twimg.com/media/EQOQq6eXsAA6VOD?format=jpg&name=small'],https://twitter.com/_cyberpunks_/status/1225982592278765569
Œ± —è Œπ Œ± –∏ Œ±,@_arianarod,2020-02-08T03:19:32.000Z,"@Snapchat
 The hacker has been opening my Snapchats (conformed by friends who are helping me) and responding to some.
He told one of my friends that he was paid on an anonymous online forum to hack into my account and to access my ‚Äúmy eyes only‚Äù. 
@snapchatsupport
 #snapchat",‚òØ ‚òØ,,,,[],https://twitter.com/_arianarod/status/1225982468337082368
Charza Kitsune,@ChaosCharza,2020-02-08T00:39:11.000Z,"I always fall back on the ol' ""They Call Themselves 'Anonymous' They are Hackers on Steroids""

Pretty much sums it all up in one phrase",,1,,7,[],https://twitter.com/ChaosCharza/status/1225942114338529280
invocation of Almost,@liberdead,2020-02-08T00:16:21.000Z,"this reminds me of that ancient fox news thing about the ""anonymous hacker 4chan""",,,,2,[],https://twitter.com/liberdead/status/1225936365877112832
EnemiesShadow,@EnemiesShadow,2020-02-09T23:38:57.000Z,"ÂõûÂ§ç 
@scotghirl20
 @DucktleWasTaken
 Âíå 
@DailyMirrorAnd hackers brought 3 lots of 12k fifa points like clearly these hackers aint very good are they?",,,,,[],https://twitter.com/EnemiesShadow/status/1226651733432074241
Jessica,@downhill_derby,2020-02-09T22:16:12.000Z,"ÂõûÂ§ç 
@MattGertzNow would be a super great time for Anonymous hackers to take down the Fox News satellite.",,,,1,[],https://twitter.com/downhill_derby/status/1226630908725387264
"James hunter
#BLM
#FBPE",@jamestookredpil,2020-02-09T21:08:39.000Z,"ÂõûÂ§ç 
@TammyBe74450769
 @maramcewin
 Âíå 
@MtinaMorganOnly way first is to trust democracy so end computer 9and anonymous voting. Once every vote can be checked by everyone else without a chance of putin hackers. Then we'll really know truth",üåä üåä üåä üåà üõ∏ ‚ô• üìÄ üåç,,1,1,[],https://twitter.com/jamestookredpil/status/1226613909030875137
Anonymous Live,@AnonLive,2020-02-09T17:41:32.000Z,Anonymous hacker captured after feds found his accomplice - New York Post http://dlvr.it/RPhvM1,,,1,1,['https://pbs.twimg.com/media/EQWfcSLVUAIpcxh?format=jpg&name=small'],https://twitter.com/AnonLive/status/1226561783864782849
AnnieEsko,@AnnieEsko,2020-02-09T16:13:27.000Z,"ÂõûÂ§ç 
@patti_feliciano
 @ZachandMattShow
 Âíå Âè¶Â§ñ 2 ‰∏™‰∫∫Or we should tag the hacker group called Anonymous 
 their known for hacking ",üß¢ ‚òÇ ü•∞ üòÅ üòÅ,,,2,[],https://twitter.com/AnnieEsko/status/1226539616712310784
The Vaporwave Listener,@5five0oh4four,2020-02-09T15:07:50.000Z,"ÂõûÂ§ç 
@wguid
 Âíå 
@greg06897No your thinking of the hacker, Anonymous",,1,,5,[],https://twitter.com/5five0oh4four/status/1226523105897648129
US sanctions kill kids,@eugeneprojectil,2020-02-09T08:07:53.000Z,"Remembering a man nicknamed Turd Blossom by George Bush. Karl Rove was his name. He melted down on Fox TV because his election machine hackers were outdone by an anonymous crew.
Smartmatic voting machines. Look it up.",üôâ üôà üôä,,,1,[],https://twitter.com/eugeneprojectil/status/1226417419536740352
Anonymous,@MehtaShanil,2020-02-09T06:18:44.000Z,"Indian vigilant hackers your power to brute force a account is amazing and your social engineering is unrecognisable . So I invite you indian vigilant hackers to be a team and work together.

Message me if want to get invited
#Anonymous",,,1,1,['https://pbs.twimg.com/media/EQUDJmEXsAAEd3F?format=jpg&name=small'],https://twitter.com/MehtaShanil/status/1226389950972809216
ÂÖâ„Éë„Ç§„Éó„Ç™„É´„Ç¨„É≥,@moomyungnim,2020-02-09T05:45:25.000Z,"ÂõûÂ§ç 
@moomyungnim
 @54Marketing
 Âíå Âè¶Â§ñ 3 ‰∏™‰∫∫Is because: FOX hosts were quite genuine in the belief, while the hacker known as Anonymous is very much a bad actor.",,1,,,[],https://twitter.com/moomyungnim/status/1226381568320720896
super col123,@Col123Super,2020-02-09T02:47:41.000Z,"Google new amazing feature will automatically block spam calls
http://bit.ly/2UE3agS#hacked #hacker #hacking #cybersecurity #hackers #hack #kalilinux #programming #security #python #ethicalhacking #coding #cyber #hacks #technology #linux #anonymous #tech #programmer #horror #Devil #Google new amazing feature will automatically block spam calls
Google has released an automatic call screening feature for its Pixel 4 smartphone users,google new features 2020,google ads new features,,google adwords updates 2020,google adwords latest updates...
stepcoding.blogspot.com",,,7,2,['https://pbs.twimg.com/card_img/1360440187407519746/bFdiVggO?format=png&name=240x240'],https://twitter.com/Col123Super/status/1226336838622707712
Follow Me back,@mohit36847630,2020-02-09T02:47:01.000Z,"Google new amazing feature will automatically block spam calls
http://bit.ly/2UE3agS#hacked #hacker #hacking #cybersecurity #hackers #hack #kalilinux #programming #security #python #ethicalhacking #coding #cyber #hacks #technology #linux #anonymous #programmer #like #POCOX2 #GoodNewwzGoogle new amazing feature will automatically block spam calls
Google has released an automatic call screening feature for its Pixel 4 smartphone users,google new features 2020,google ads new features,,google adwords updates 2020,google adwords latest updates...
stepcoding.blogspot.com",,,2,,['https://pbs.twimg.com/card_img/1360440187407519746/bFdiVggO?format=png&name=240x240'],https://twitter.com/mohit36847630/status/1226336673828495360
Gaming buddy,@stepcoding,2020-02-09T02:44:20.000Z,"Google will automatically block spam calls
That's why i love #Google 
http://bit.ly/2UE3agS#hacked #hacker #hacking #cybersecurity #hackers #hack #kalilinux #programming #security #python #ethicalhacking #coding #cyber #hacks #technology #linux #anonymous #tech #programmer #see #spamGoogle new amazing feature will automatically block spam calls
Google has released an automatic call screening feature for its Pixel 4 smartphone users,google new features 2020,google ads new features,,google adwords updates 2020,google adwords latest updates...
stepcoding.blogspot.com",,,14,11,['https://pbs.twimg.com/card_img/1360440187407519746/bFdiVggO?format=png&name=240x240'],https://twitter.com/stepcoding/status/1226335995764731904
W0RLDFUCK,@w0rldfuck,2020-02-09T01:55:47.000Z,"ÂõûÂ§ç 
@pdazzlelisciousShe must be very disimformed to support Trump and his disgusting aftions. Good luck. Hes trying to take our freedom away, thats why W0RLDFUCK is here to show hackers care, just like Anonymous.

#TakeControl - W0RLDFUCK",,1,,,[],https://twitter.com/w0rldfuck/status/1226323780525531136
Brutum Fulmen,@BrutumF,2020-02-09T00:51:54.000Z,Thank you Anonymous NYC Hacker!,,,3,10,['https://pbs.twimg.com/media/EQS4WdwUwAAXgh9?format=jpg&name=small'],https://twitter.com/BrutumF/status/1226307703678439425
"Ya
oy Jay",@IsL0ad1ng,2020-02-10T18:17:22.000Z,"*Historically,* Anonymous has been engaging in activities that qualifies the group as hacker group as opposed to troll organisation. The group began its operation on December 2010 by attacking the MasterCard for blocking the Wiki Leaks website donation",üÖ±,1,,,['https://pbs.twimg.com/media/EQbxOgIWsAEvUYi?format=jpg&name=900x900'],https://twitter.com/IsL0ad1ng/status/1226933188540366858
bad websites,@badwebsites,2020-02-10T18:10:33.000Z,"Hee hee hee. HEEE! (from 2016) ->
""Trump's Social Security, phone numbers released by Anonymous hacker group""
https://aol.com/article/2016/03/17/trumps-social-security-phone-numbers-released-by-anonymous-h/21329514/‚Ä¶
 HEEEeee...Trump's Social Security, phone numbers released by Anonymous hacker group
Hacker group Anonymous reportedly released Republican presidential candidate Donald Trump?s phone numbers and Social Security number on Thursday
aol.com",,1,1,2,[],https://twitter.com/badwebsites/status/1226931474164785152
Posa Dissed,@AYATOMM_COM,2020-02-10T18:02:20.000Z,"ÂõûÂ§ç 
@MalcolmNance
 Âíå 
@LindseyGrahamSCAnybody else made note we don't really hear from Anonymous hackers after the election anymore? Now it's just QAnon deep state conspiracies.  Strange how that is.",,,1,,[],https://twitter.com/AYATOMM_COM/status/1226929407584952321
Chase swenson,@Chaseswenson3,2020-02-10T17:13:36.000Z,I have the FBI CIA and all of our armed forces at mi disposal along with the most gifted hackers of anonymous even though they may or may not claim not to mention every Tek company I own and the foreign governments resources I have .. I'm very informed I'm your General,,,,,[],https://twitter.com/Chaseswenson3/status/1226917141007536129
"Glitterbomb
‚í∂
‚ò≠
‚úü",@MakhnoTits,2020-02-10T17:04:09.000Z,"This is based on the assumption that all Anons were hackers when a majority of them are/were just 4chan trolls with no hacking skills whatsoever. The hackers are a small potion of Anonymous.ÂºïÁî®Êé®Êñá
Katie
@Human_4_Humans
 ¬∑ 2020Âπ¥2Êúà11Êó•
#AnonWasDeadYearsAgo because the United States persecuted people for computer crimes harsher then tax fraud, rape and various white color crimes... It's time to end the US' unrealistic response to computer crimes...jail the corrupt politicians, rapists and tax fraud #panamapapers",‚ùÑ ‚öú ‚öß üè¥ üåπ üêç üïä ‚ò∏ üìø üåà,1,,,['https://pbs.twimg.com/profile_images/1238950348879953920/EplKyC_X_mini.jpg'],https://twitter.com/MakhnoTits/status/1226914762937819136
"Glitterbomb
‚í∂
‚ò≠
‚úü",@MakhnoTits,2020-02-10T16:56:12.000Z,"lolol nope. Anonymous did NOT start out protesting Scientology. They started out as a bunch of trolls on 4chan posting porn and memes. There were hackers in it from the beginning. The activism came YEARS later when they decided to take their trolling of Scientologist irlÂºïÁî®Êé®Êñá
Rev Magdalen
@revmagdalen
 ¬∑ 2020Âπ¥2Êúà10Êó•
#AnonWasDeadYearsAgo Anon didn't even start out as a hacking group. They were originally protesting Scientology, the masks were there to prevent being identified for the ""fair game"" harassment tactic. Then hackers joined up and it branched out into more activism.
ÊòæÁ§∫Ëøô‰∏™‰∏ªÈ¢òÂ∏ñ",‚ùÑ ‚öú ‚öß üè¥ üåπ üêç üïä ‚ò∏ üìø üåà üÜò,,,,['https://pbs.twimg.com/profile_images/1278063511680069633/HGI83Jnw_mini.jpg'],https://twitter.com/MakhnoTits/status/1226912764448432128
Catalin Cimpanu,@campuscodi,2020-02-10T16:52:51.000Z,"Hackers associating themselves with the Anonymous collective are defacing Chinese sites with Taiwanese flags. Defacements began last week. No big sites, but they're persistent, I'll give them that.ÂºïÁî®Êé®Êñá
Elsa Fidelis
@socookre
 ¬∑ 2020Âπ¥2Êúà11Êó•
They're at it again.
https://msn.com/zh-tw/news/world/%E5%8C%BF%E5%90%8D%E8%80%85%E9%A7%AD%E9%80%B2%E4%B8%AD%E5%9C%8B%E5%AE%98%E7%B6%B2%EF%BC%81%E6%94%BE%E5%8F%B0%E7%81%A3%E5%9C%8B%E6%97%97%E3%80%81%E8%94%A1%E8%8B%B1%E6%96%87%E7%85%A7-%E7%AC%91%E5%97%86%E5%8F%8D%E6%94%BB/ar-BBZP5r8‚Ä¶
ÊòæÁ§∫Ëøô‰∏™‰∏ªÈ¢òÂ∏ñ",,2,9,10,['https://pbs.twimg.com/profile_images/1250786686868443136/vUToBbXn_mini.png'],https://twitter.com/campuscodi/status/1226911920894234624
Anu the Dark Lord,@Anvkii,2020-02-10T16:48:10.000Z,"ÂõûÂ§ç 
@BlueVino
 @AriGDeluxe
 Âíå Âè¶Â§ñ 2 ‰∏™‰∫∫Those details are cool and true but I still see the lumping in of hackers in general with Anonymous being done here and it's not correct.

Just begs misinformation.",,1,,,[],https://twitter.com/Anvkii/status/1226910742357561345
tonyagjprince,@TonyaGJPrince,2020-02-10T16:01:06.000Z,"The Guardian:  Anonymous Comes to Town: The hackers who took on high school sexual assault in OhioHome - Default - WE SURVIVE ABUSE
WESurviveAbuse.com is a multimedia information hub for Survivors of domestic & sexual violence. We are intentionally inclusive, intentionally diverse, & intentionally healing.
wesurviveabuse.com",,,,,['https://pbs.twimg.com/card_img/1359181820999401480/awNnqV_Q?format=png&name=small'],https://twitter.com/TonyaGJPrince/status/1226898895957086210
Moecco,@creezee,2020-02-10T15:43:49.000Z,"Scrolled through some of the #AnonWasDeadYearsAgo posts, and the amount of people who still believe the myths about anonymous is hilarious. 

With a group the size of anonymous, sure, you're going to have some hackers in it, but that's like saying the 
@DNC
 is a hacker group.",üåπ üò∑,,,5,[],https://twitter.com/creezee/status/1226894548493914115
LowResGamr,@LowResGamr,2020-02-10T15:11:53.000Z,"ÂõûÂ§ç 
@aSexyPineapple
 @th3j35t3r
 Âíå 
@YourAnonNewsI don't think you understand what anonymous was/is, they don't hack government officials because ""reasons"", they hack places where free speech and free expression are infringed and expose the acts.  They aren't just hackers, they're hacktivists.",,1,1,1,[],https://twitter.com/LowResGamr/status/1226886512870117377
Ghostly Grimace,@GhostlyGrimace,2020-02-10T14:53:10.000Z,"ÂõûÂ§ç 
@GhostlyGrimace
 Âíå 
@cindymoon_616And I use the word ""hackers"" very loosely, because most of those who labeled themselves under anonymous never actually did anything other than getting free gta cash or threatening to delete your psn account (and never actually doing it)",üëª üëπ üëπ üëª,,,3,[],https://twitter.com/GhostlyGrimace/status/1226881802922577922
Ghostly Grimace,@GhostlyGrimace,2020-02-10T14:49:46.000Z,"ÂõûÂ§ç 
@cindymoon_616They simply didn't exist (from a certain point of view.) Anonymous was just a name for hackers to rally under, it was never an organization that had a head leader or branches.",üëª üëπ üëπ üëª,2,,4,[],https://twitter.com/GhostlyGrimace/status/1226880946399588353
=/,@BryAiello,2020-02-10T14:17:40.000Z,"ÂõûÂ§ç 
@GraceShuss
 Âíå 
@cindymoon_616Wiki-leaks is the information sent by Chelsea Manning to the hacker formerly known Anonymous.",,1,,,[],https://twitter.com/BryAiello/status/1226872866399977472
John Sevigny,@John_Sevigny,2020-02-10T13:08:02.000Z,"ÂõûÂ§ç 
@LoganxartXI‚Äôm not trendy and I‚Äôm not a hipster. Anonymous was a well-branded sign-yourself-up movement of ‚Äúhackers for good.‚Äù Today, that trend is irrelevant.",,1,,5,[],https://twitter.com/John_Sevigny/status/1226855344024031232
Dinosaur In Which Humans Live on,@DontReeOnMe,2020-02-10T12:57:05.000Z,"ÂõûÂ§ç 
@RenagadeGirlWait, Anonymous can't do what hackers in Watch Dogs do?",,1,,7,[],https://twitter.com/DontReeOnMe/status/1226852587074457600
Follow Me back,@mohit36847630,2020-02-10T12:42:40.000Z,"DRAW CHILLY- arcade start from here
http://bit.ly/2SwbYTf#hacked #hacker #hacking #cybersecurity #hackers #hack #kalilinux #programming #security #python #ethicalhacking #coding #cyber #hacks #technology #linux #anonymous #programmer #like #POCOX2 #GoodNewwz #Android #gamers #gamingpc",,,,,[],https://twitter.com/mohit36847630/status/1226848960406380544
super col123,@Col123Super,2020-02-10T12:40:59.000Z,"DRAW CHILLY- arcade start from here
http://bit.ly/2SwbYTf#hacked #hacker #hacking #cybersecurity #hackers #hack #kalilinux #programming #security #python #ethicalhacking #coding #cyber #hacks #technology #linux #anonymous #tech #programmer #horror #Devil #SPD #Oppo #xiomi #Reservation",,,,,[],https://twitter.com/Col123Super/status/1226848535636664320
Gaming buddy,@stepcoding,2020-02-10T12:39:58.000Z,"DRAW CHILLY
http://bit.ly/2SwbYTf#hacked #hacker #hacking #cybersecurity #hackers #hack #kalilinux #programming #security #python #ethicalhacking #coding #cyber #hacks #technology #linux #anonymous #tech #programmer #see #spam #oppofindx2 #Oppo #games #gamers #PUBG #GamingLife #China",,,20,10,[],https://twitter.com/stepcoding/status/1226848281159860229
elcolmadonyc,@elcolmadonyc,2020-02-10T10:55:05.000Z,10 Best Anonymous Hacker Voice Changer https://elcolmadonyc.com/10-best-anonymous-hacker-voice-changer/‚Ä¶,,,,,[],https://twitter.com/elcolmadonyc/status/1226821887596126208
elcolmadonyc,@elcolmadonyc,2020-02-10T10:55:05.000Z,10 Best Anonymous Hacker Costume https://elcolmadonyc.com/10-best-anonymous-hacker-costume/‚Ä¶,,,,,[],https://twitter.com/elcolmadonyc/status/1226821887285768192
elcolmadonyc,@elcolmadonyc,2020-02-10T10:55:05.000Z,10 Best Anonymous Hacker Voice https://elcolmadonyc.com/10-best-anonymous-hacker-voice/‚Ä¶,,,,,[],https://twitter.com/elcolmadonyc/status/1226821887268999170
DV,@DarylVickerman,2020-02-10T09:45:18.000Z,"ÂõûÂ§ç 
@rreese321
 @MikevWUSA
 Âíå Âè¶Â§ñ 2 ‰∏™‰∫∫They have masks to remain anonymous, why do you think the Anonymous hacker group where masks? for fun? or to remain anonymous? its common sense not cowardly",,,,,[],https://twitter.com/DarylVickerman/status/1226804324971556864
AnonymousVideo,@AnonymousVideo,2020-02-10T09:31:00.000Z,"‚ñ∫SUPPORT JEREMY HAMMOND ‚ñ∫10 YEARS in #jail for #hacking ‚ñ∫Official website https://freejeremy.net/take-action/five-easy-actions/‚Ä¶ #Anonymous #ArrestedAnons #FreeJeremy #Anarchist #Hacker #TruthTellers #WikiLeaks #ResistanceÊù•Ëá™ 
AnonymousVideo",,,7,6,['https://pbs.twimg.com/ext_tw_video_thumb/827930479403868161/pu/img/f-6YPVktXvd8XBdP.jpg'],https://twitter.com/AnonymousVideo/status/1226800724698370049
Knizzful,@Knizzful,2020-02-10T08:51:43.000Z,"[Repost] #Nordkorea von #Anonymous attackiert https://knizzful.com/index.php/nordkorea-von-anonymous-attackiert/?utm_source=ReviveOldPost&utm_medium=social&utm_campaign=ReviveOldPost‚Ä¶ #diktatur #hack #hacker #kimjongun #regime #spotlight #twitterNordkorea von Anonymous attackiert
Die Hackergruppe Anonymous hat mal wieder zugeschlagen und den Internetauftritt von Nordkorea lahmgelegt. So konnten die Hacktivisten 15.000 Passw√∂rter der no
knizzful.com",,,,,[],https://twitter.com/Knizzful/status/1226790837956366337
Cyber Scotland Connect,@SecScotland,2020-02-10T07:45:06.000Z,"Our first event of the year as part of 
@CyberResScot
 week!
 CSC Volume 6 is next week!!
 We have the fantastic 
@CiaraMitchellXX
 and Mike Jones, Security Researcher & Former Hacker with Anonymous confirmed as speakers!!! Have you booked your space yet?
 http://ow.ly/BLY750yhEOx",üéâ üò± üòÜ,,3,18,[],https://twitter.com/SecScotland/status/1226774076125065216
Follow Me back,@mohit36847630,2020-02-10T01:50:56.000Z,"Oppo launching Find X2 smartphone ,leaked specs
http://bit.ly/31FuYCT#hacked #hacker #hacking #cybersecurity #hackers #hack #kalilinux #programming #security #python #ethicalhacking #coding #cyber #hacks #technology #linux #anonymous #programmer #like #POCOX2 #GoodNewwz #AndroidOppo launching Find X2 smartphone on 22 February, will get 120Hz refresh rate display
Oppo is about to launch its latest smartphone 'Find X2' on 22 February. The company will organize an event and launch this smartphone, for which OPPO,oppo find x2 gsmarena,oppo find x2 price,oppo...
stepcoding.blogspot.com",,,,,['https://pbs.twimg.com/card_img/1359155379574345730/HCHmm9eK?format=png&name=240x240'],https://twitter.com/mohit36847630/status/1226684946007220225
super col123,@Col123Super,2020-02-10T01:49:07.000Z,"Oppo launching Find X2 smartphone ,leaked specs
http://bit.ly/31FuYCT#hacked #hacker #hacking #cybersecurity #hackers #hack #kalilinux #programming #security #python #ethicalhacking #coding #cyber #hacks #technology #linux #anonymous #tech #programmer #horror #Devil #SPD #Oppo #xiomiOppo launching Find X2 smartphone on 22 February, will get 120Hz refresh rate display
Oppo is about to launch its latest smartphone 'Find X2' on 22 February. The company will organize an event and launch this smartphone, for which OPPO,oppo find x2 gsmarena,oppo find x2 price,oppo...
stepcoding.blogspot.com",,,5,1,['https://pbs.twimg.com/card_img/1359155379574345730/HCHmm9eK?format=png&name=240x240'],https://twitter.com/Col123Super/status/1226684487238422528
Gaming buddy,@stepcoding,2020-02-10T01:48:02.000Z,"Oppo launching Find X2 smartphone ,leaked specs
http://bit.ly/31FuYCT#hacked #hacker #hacking #cybersecurity #hackers #hack #kalilinux #programming #security #python #ethicalhacking #coding #cyber #hacks #technology #linux #anonymous #tech #programmer #see #spam #oppofindx2 #OppoOppo launching Find X2 smartphone on 22 February, will get 120Hz refresh rate display
Oppo is about to launch its latest smartphone 'Find X2' on 22 February. The company will organize an event and launch this smartphone, for which OPPO,oppo find x2 gsmarena,oppo find x2 price,oppo...
stepcoding.blogspot.com",,,13,10,['https://pbs.twimg.com/card_img/1359155379574345730/HCHmm9eK?format=png&name=240x240'],https://twitter.com/stepcoding/status/1226684214164082701
Benjamin Harrison,@Pietato,2020-02-11T23:29:42.000Z,"ÂõûÂ§ç 
@dkcork14Anonymous is a group of hackers, not your death cult.",,,,,[],https://twitter.com/Pietato/status/1227374177453142017
Benjamin Harrison,@Pietato,2020-02-11T23:17:18.000Z,"ÂõûÂ§ç 
@BlqckWaterAnonymous is a group of hackers, not your death cult...",,,,,[],https://twitter.com/Pietato/status/1227371060162482177
Benjamin Harrison,@Pietato,2020-02-11T23:16:47.000Z,"ÂõûÂ§ç 
@PopActivistAnonymous is a group of hackers, not your feath cult...",,,,,[],https://twitter.com/Pietato/status/1227370927224025088
John McCallum Swain,@bazuemague,2020-02-11T22:57:40.000Z,"Donald Trump says ‚ÄòThey made a huge mistake and will be very, very sorry‚Äô after anonymous hackers post photo of the President enjoying Executive Time.",,,,,['https://pbs.twimg.com/media/EQh6-ldU4AARBN3?format=jpg&name=small'],https://twitter.com/bazuemague/status/1227366117326196736
Mari Posa,@UnitedRedWhite1,2020-02-11T22:46:10.000Z,"ÂõûÂ§ç 
@AZShopRGirlTalking about the Anonymous team that came out years ago? The hacker group?",,,,1,[],https://twitter.com/UnitedRedWhite1/status/1227363224653185024
JOE X,@Lethu11674544,2020-02-11T22:40:15.000Z,"ÂõûÂ§ç 
@Kardie_ML
l..my 
G even the CIA,MI6& best hackers Anonymous can't crack this Code
 you are fucken Good r you working 4 ISIS",üòÇ üòé üòµ üòµ üòÇ üòÇ,,,,[],https://twitter.com/Lethu11674544/status/1227361736400961537
RevBits,@RevBits,2020-02-11T20:54:32.000Z,"A misconfigured Amazon S3 bucket of JailCore, the cloud platform for correctional facilities, exposed the information of inmates at Florida, Kentucky, Missouri, Tennessee, and West Virginia center.

https://cyware.com/news/sensitive-data-on-36000-jail-inmates-leaked-cf7ded4b‚Ä¶

#hackers #hacker #hacking #anonymous #cybersecurity",,,2,2,['https://pbs.twimg.com/media/EQheshVWoAAHrCb?format=jpg&name=small'],https://twitter.com/RevBits/status/1227335129082847232
Cassie,@goFAQrself,2020-02-11T17:59:48.000Z,"ÂõûÂ§ç 
@chrislhayesDOJ, NSA, CIA. All of them need to step forward. How have no hackers tried to get some information from somewhere? Where is Anonymous?  Some of them try to be social activists...where are they now?",,,,1,[],https://twitter.com/goFAQrself/status/1227291156519833602
EyeQ Spirit ***,@rghardy3,2020-02-12T23:42:04.000Z,"*
Actually there are 2 other Anonymous that 
I know about.   The one who wrote the book
and the Editorials, and the Group of Internet Hackers
also known as Anonymous Charity.",,1,,2,[],https://twitter.com/rghardy3/status/1227739678599720962
Ford Ebling,@Ford_Ebling,2020-02-12T23:02:19.000Z,"ÂõûÂ§ç 
@Ford_Ebling
 @gdcribbs
 Âíå Âè¶Â§ñ 2 ‰∏™‰∫∫A single Anonymous hacker has done more to eradicate sex trafficking by deleting vast swaths of the internet itself to get rid of child pornography. Your tactics aren‚Äôt gonna do anything.
I‚Äôm all for eliminating sex trafficking, but you actually have to be effective at it.",,1,,2,[],https://twitter.com/Ford_Ebling/status/1227729674115207170
RevBits,@RevBits,2020-02-12T21:51:45.000Z,"The attackers have demanded the police department to pay them millions of dollars to regain access to information stored online. 

https://cyware.com/news/ransomware-actors-targets-police-department-in-miami-demand-millions-in-ransom-e0c83e4a‚Ä¶

#hackers #hacker #hacking #anonymous #cybersecurity #kalilinux #programming #hack #hacked #technology",,,3,2,['https://pbs.twimg.com/media/EQm1c0tXkAMhZlO?format=jpg&name=small'],https://twitter.com/RevBits/status/1227711916887375872
Posa Dissed,@AYATOMM_COM,2020-02-12T21:49:05.000Z,"ÂõûÂ§ç 
@JamesFourMAnybody else notice after the election you don't really hear about the hacker group Anonymous anymore and it's all QAnon?",,1,2,9,[],https://twitter.com/AYATOMM_COM/status/1227711246528589824
Timothy Ooley,@TimothyOoley,2020-02-12T20:04:38.000Z,"ÂõûÂ§ç 
@AZShopRGirlTrump is not talking about Anonymous the hacker group.  Trump is talking about the leaker/author of the book entitled ""Anonymous"" from last year.",,,,,[],https://twitter.com/TimothyOoley/status/1227684958677823488
TheHomelessHobb1t,@h0melessh0bb1t,2020-02-12T16:27:08.000Z,"ÂõûÂ§ç 
@404kiska
 @boi7777777
 Âíå Âè¶Â§ñ 2 ‰∏™‰∫∫The thing is It could have worked and became a valuable resource to the hacker community until discord tried to sodomize everyone with his anonymous flag and his undersized epenis/ego",,,,,[],https://twitter.com/h0melessh0bb1t/status/1227630223576981504
wrf083tq83jq3ht-0q3htq09-3j-,@Dave6971,2020-02-12T10:37:33.000Z,"ÂõûÂ§ç 
@LarocheMatt
 @WillyWonkaXRP
 Âíå Âè¶Â§ñ 2 ‰∏™‰∫∫Anonymous has been around since Bush Jr. They are a worldwide hacker group and not the same as Qanon.",,,,,[],https://twitter.com/Dave6971/status/1227542248277073926
"Tom Osborn, PhD, FRSA.",@call_me_tomasso,2020-02-12T08:39:15.000Z,"ÂõûÂ§ç 
@SandyJB57
 Âíå 
@elyasgaradPrue was programmed in 1979 by a bunch of cynical hackers in 
@Anonymous
, after a night on magic mushrooms, masturbation and speed. After they vomited and hit run, the doorbell rang and they bolted. Prue was all that remained, and a pack of SAOs.",,1,,1,[],https://twitter.com/call_me_tomasso/status/1227512476591251457
Michelle Flamez,@MichelleFlamez,2020-02-12T06:14:16.000Z,"ÂõûÂ§ç 
@sandibachomSomething's gotta break or give soon! More whistle blowers, in numbers too big to retaliate against!  Anonymous hackers, leakers, something!  Adderall and dementia might be our only frickin hope!",üåä,,,,[],https://twitter.com/MichelleFlamez/status/1227475993696317440
"James Gefforey
‚ôü",,2020-02-12T04:36:47.000Z,"Anonymous Hacker Trolling 6 Deleted Scenes (Tristan's Apology Video) https://youtu.be/2ng9FcVyGxA via 
@YouTubeAnonymous Hacker Trolling 6 Deleted Scenes (Tristan's Apology Video)
LIMITED EDITION LT.ARMY T-SHIRTS (2 DAYS LEFT): http://teespring.com/ltarmyNew Apparel Store - http://tinyurl.com/pyzmrmbApp (FREE) - https://t.co/dStiKrQnYi...
youtube.com",üï∂ üéß üé∫ üé∑ üé∏ üéª üéπ ü•Å üéÆ üß†,,,,['https://pbs.twimg.com/card_img/1358377312253849600/fChqktBW?format=jpg&name=240x240'],https://twitter.com/Jeremy17623693/status/1227451458196557826
T4R1S‚Ñ¢,@tarisdewantara,2020-02-12T04:05:45.000Z,"Most hackers are young because young people tend to adapt easily. As long as you can adapt, you can always be a good hacker. #Anonymous",,,,2,['https://pbs.twimg.com/media/EQjBfe0XkAsp-eF?format=jpg&name=small'],https://twitter.com/tarisdewantara/status/1227443648884768769
Follow Me back,@mohit36847630,2020-02-12T01:56:04.000Z,"Meena-Google's new chatbot
http://bit.ly/39w9Fq3#hacked #hacker #hacking #cybersecurity #hackers #hack #kalilinux #programming #security #python #ethicalhacking #coding #cyber #hacks #technology #linux #anonymous #programmer #like #POCOX2 #GoodNewwz #Android #gamers #gamingpc",,,5,2,[],https://twitter.com/mohit36847630/status/1227411013630226432
super col123,@Col123Super,2020-02-12T01:54:34.000Z,"Meena-Google's new chatbot
http://bit.ly/39w9Fq3#hacked #hacker #hacking #cybersecurity #hackers #hack #kalilinux #programming #security #python #ethicalhacking #coding #cyber #hacks #technology #linux #anonymous #tech #programmer #horror #Devil #SPD #Oppo #xiomi #Reservation",,,3,2,[],https://twitter.com/Col123Super/status/1227410637774413825
Gaming buddy,@stepcoding,2020-02-12T01:53:31.000Z,"Meena-Google's new chatbot
http://bit.ly/39w9Fq3#hacked #hacker #hacking #cybersecurity #hackers #hack #kalilinux #programming #security #python #ethicalhacking #coding #cyber #hacks #technology #linux #anonymous #tech #programmer #see #spam #oppofindx2 #Oppo #games #gamers #Google",,,9,8,[],https://twitter.com/stepcoding/status/1227410372212084736
The corporeal ghost of Crispus Attucks,@DumbledoreHump1,2020-02-12T01:30:37.000Z,"ÂõûÂ§ç 
@AZShopRGirl""Do you know who anonymous is?""

Everybody knows!  It's the hacker formerly known as 4Chan.  

He's now hiding out in his mom's basement, feasting on tendies and watching Hentai.",,,,,[],https://twitter.com/DumbledoreHump1/status/1227404608202563588
ShawnTayWise,@KyoAlexiel,2020-02-12T00:33:05.000Z,"ÂõûÂ§ç 
@AZShopRGirlNot sure what anonymous he referring too but there is a hacker group known as Anonymous which fights bad people through hacking and exposing corruption but there is also fake anonymous that hacks in a terrible way and does so for thier own gains.",,,,,[],https://twitter.com/KyoAlexiel/status/1227390129368485888
RUN_BMC,@GuywithaGoProFS,2020-02-12T00:01:11.000Z,"so I didnt hear the whole context,but on Fox Business,a reporter just asked POTUS45 if he knows who ""Anonymous"" is...was the reporter asking about TEAM 17 or the hacker group,""Anonymous""???",,1,,,[],https://twitter.com/GuywithaGoProFS/status/1227382101844119554
jr wrath,@PunkCaeser,2020-02-13T22:08:03.000Z,"ÂõûÂ§ç 
@Karn_EXYour move, anonymous-hackers-known-as-4chan",,,,2,[],https://twitter.com/PunkCaeser/status/1228078408900530177
"Rachie Suzie
bnuuy",@Sindiewen,2020-02-13T20:30:43.000Z,"Oh heck dudes watch our for them kid hackers they might make anonymous 2ÂºïÁî®Êé®Êñá
GarethIllmann-Walker
@G_IW
 ¬∑ 2020Âπ¥2Êúà13Êó•
This utter crap is being distributed through schools from the 'local authority' so presume @WalsallCouncil today. The level of disinformation is staggering. I'd be proud to find my kids learning to use any of these. Except Discord but that's nothing to do with hacking.",üêá üíú üçõ üêá,1,,3,"['https://pbs.twimg.com/profile_images/2275737851/vyvitczn9y28epk8yo4d_mini.jpeg', 'https://pbs.twimg.com/media/EQmqe5xWAAAmSJ0?format=jpg&name=900x900']",https://twitter.com/Sindiewen/status/1228053913539973120
Lady Dimitrescu's bf,@_bfoty,2020-02-13T17:35:45.000Z,"ÂõûÂ§ç 
@weeaboothat's the famous hacker anonymous",,,,1,[],https://twitter.com/_bfoty/status/1228009881204133890
Security Memetics,@secmeme,2020-02-13T15:30:00.000Z,"Anonymous Hackers: Mr.Peter's Cyber Bullies

https://secmeme.com/2020/02/anonymous-hackers-mrpeters-cyber-bullies.html‚Ä¶Anonymous Hackers: Mr.Peter's Cyber Bullies
Mr. Peter is coming to get you!!! Mr. Peters cyber bullies, beware. We know who you are. Expect us. TRANSCRIPT:Hello, my name is peter from the hacking colle...
youtube.com",,,,,['https://pbs.twimg.com/card_img/1355643975189880838/wmHs4o2a?format=jpg&name=240x240'],https://twitter.com/secmeme/status/1227978234110738432
‚ñà‚ñí PUNXSUTAWNEY_PETER,@pmullr,2020-02-13T12:34:25.000Z,"ÂõûÂ§ç 
@G_IW
 Âíå 
@WalsallCouncilBased on this I think my child is that infamous hacker named anonymous

Where can I contact the internet police",,,,1,[],https://twitter.com/pmullr/status/1227934048154259461
k.tech,@EncyclopediaKs,2020-02-13T12:07:12.000Z,"This is the hidden truth of internet,that if you are the user of internet then privacy security is big concern that  Nowhere to hide.#Twitter #cybercrime #CyberSecurity #Anonymous #infosec #hacking #malware #security #hacker #twitch #GoogleAlerts #googlefacts #like #folloback",,,4,6,['https://pbs.twimg.com/media/EQp5Q10UwAAdAD5?format=jpg&name=small'],https://twitter.com/EncyclopediaKs/status/1227927198008365056
fourth,@pinming,2020-02-13T03:50:36.000Z,"You tried asking anonymous 
@AnonyOps
 for help? They might, sometimes.

Or all you need is another hacker who can do a better job than he is.",‚è© ‚ôè,,,,[],https://twitter.com/pinming/status/1227802225084252160
Follow Me back,@mohit36847630,2020-02-13T01:44:38.000Z,"1 mistakes then you and whatsapp admin in jail
http://bit.ly/2HhxEgN#hacked #hacker #hacking #cybersecurity #hackers #hack #kalilinux #programming #security #python #ethicalhacking #coding #cyber #hacks #technology #linux #anonymous #programmer #like #POCOX2 #GoodNewwz #Android #GSTR9",,,,,[],https://twitter.com/mohit36847630/status/1227770522450067457
super col123,@Col123Super,2020-02-13T01:43:01.000Z,"1 mistakes then you and whatsapp admin in jail
http://bit.ly/2HhxEgN#hacked #hacker #hacking #cybersecurity #hackers #hack #kalilinux #programming #security #python #ethicalhacking #coding #cyber #hacks #technology #linux #anonymous #tech #programmer #horror #Devil #SPD #Oppo #xiomi",,,,,[],https://twitter.com/Col123Super/status/1227770118517575680
Gaming buddy,@stepcoding,2020-02-13T01:41:36.000Z,"1 mistakes then you and whatsapp admin in jail
http://bit.ly/2HhxEgN#hacked #hacker #hacking #cybersecurity #hackers #hack #kalilinux #programming #security #python #ethicalhacking #coding #cyber #hacks #technology #linux #anonymous #tech #programmer #see #spam #oppofindx2 #Oppo #game",,,13,8,[],https://twitter.com/stepcoding/status/1227769762047873024
nTangled Cloud,@nTangledCloud,2020-02-13T01:00:21.000Z,"8 steps to being (almost) completely anonymous online https://buff.ly/3bvfGFm #Tech #Technology #blockchain #innovation #science #IT #BigData #Security #Cybersecurity #ethereum #crypto #crowdfunding #cloud #cryptocurrency #IOT #computer #CISO #infosec #infosecurity #hackers #ha‚Ä¶8 steps to being (almost) completely anonymous online
The universe may believe in encryption, but it doesn't believe in anonymity. You're going to have to work for it.
csoonline.com",,,,,['https://pbs.twimg.com/card_img/1359816180530376704/Kv2jgWrG?format=jpg&name=small'],https://twitter.com/nTangledCloud/status/1227759379648253952
